date_id,crops,vietnam_forex,europe_forex,ldn_1_last,ldn_1_ma_200,ldn_1_ma_50,ldn_2_last,ldn_2_ma_200,ldn_2_ma_50,ny_1_last,ny_1_ma_200,ny_1_ma_50,ny_2_last,ny_2_ma_200,ny_2_ma_50,Month,Week,Day,Dayofweek,Dayofyear
20100104,2009-2010,18167,0.693289995,1321,1425.965174,1345.745098,1364,1448.004975,1379.27451,141.85,128.6134328,139.7294118,143.65,130.5995025,141.427451,1,1,4,0,4
20100105,2009-2010,18415,0.696089983,1315,1424.935323,1343.098039,1357,1447.109453,1376.705882,141,128.7467662,139.6647059,142.85,130.7323383,141.3480392,1,1,5,1,5
20100106,2009-2010,18425,0.694249988,1339,1423.885572,1341.176471,1381,1446.19403,1374.784314,141.6,128.8731343,139.6245098,143.4,130.8577114,141.2892157,1,1,6,2,6
20100107,2009-2010,18190,0.698419988,1348,1422.955224,1340.882353,1388,1445.338308,1374.372549,141.9,128.9945274,139.7176471,143.75,130.9783582,141.3617647,1,1,7,3,7
20100108,2009-2010,18205,0.693910003,1360,1421.930348,1340.784314,1400,1444.432836,1374.156863,145.35,129.1368159,139.8911765,147.2,131.1201493,141.5137255,1,1,8,4,8
20100111,2009-2010,18198,0.689119995,1346,1420.885572,1339.843137,1385,1443.482587,1373.117647,143.7,129.2711443,140.0352941,145.55,131.2537313,141.6362745,1,2,11,0,11
20100112,2009-2010,18196,0.69076997,1357,1419.910448,1339.137255,1396,1442.621891,1372.294118,143.1,129.3992537,140.2019608,144.95,131.3813433,141.7813725,1,2,12,1,12
20100113,2009-2010,18201,0.688520014,1359,1418.925373,1338.215686,1398,1441.756219,1371.176471,145.15,129.5450249,140.3666667,146.9,131.5261194,141.9215686,1,2,13,2,13
20100114,2009-2010,18207,0.689660013,1357,1418.014925,1337.647059,1396,1440.965174,1370.490196,144.35,129.700995,140.5401961,146.05,131.6808458,142.0686275,1,2,14,3,14
20100115,2009-2010,18198,0.694880009,1336,1417.079602,1335.784314,1375,1440.149254,1368.490196,140.75,129.8253731,140.5088235,142.55,131.8044776,142.0127451,1,2,15,4,15
20100118,2009-2010,18202,0.69411999,1331,1416.119403,1334.156863,1376,1439.258706,1367,140.825,129.8910448,140.5068627,142.6,131.8696517,141.997549,1,3,18,0,18
20100119,2009-2010,18190,0.700230002,1328,1415.099502,1332.588235,1373,1438.477612,1365.54902,140.9,129.9567164,140.504902,142.65,131.9348259,141.9823529,1,3,19,1,19
20100120,2009-2010,18203,0.708700001,1305,1413.825871,1330.607843,1345,1437.442786,1363.588235,139.2,130.0681592,140.4745098,141,132.0455224,141.9264706,1,3,20,2,20
20100121,2009-2010,18187,0.709370017,1292,1412.472637,1328.45098,1327,1436.288557,1361.392157,138.7,130.1691542,140.4078431,140.45,132.1452736,141.8343137,1,3,21,3,21
20100122,2009-2010,18190,0.707159996,1325,1411.288557,1327.568627,1360,1435.328358,1360.313725,139.6,130.2791045,140.4215686,141.4,132.2544776,141.8235294,1,3,22,4,22
20100125,2009-2010,18218,0.706709981,1329,1410.139303,1328.627451,1364,1434.383085,1361.176471,139.4,130.3880597,140.4088235,141.2,132.3624378,141.7852941,1,4,25,0,25
20100126,2009-2010,18199,0.710110009,1312,1408.910448,1328.607843,1347,1433.358209,1361.372549,138.25,130.4878109,140.4911765,140.1,132.4614428,141.8431373,1,4,26,1,26
20100127,2009-2010,18184,0.712710023,1298,1407.557214,1328.705882,1333,1432.238806,1361.764706,133.55,130.5587065,140.5078431,135.45,132.531592,141.8362745,1,4,27,2,27
20100128,2009-2010,18179,0.715919971,1295,1406.432836,1328.901961,1330,1431.363184,1362.235294,132.95,130.6470149,140.5529412,134.85,132.6189055,141.8598039,1,4,28,3,28
20100129,2009-2010,18192,0.721140027,1295,1405.343284,1328.45098,1324,1430.452736,1361.941176,131.7,130.7281095,140.5647059,133.6,132.699005,141.8480392,1,4,29,4,29
20100201,2009-2010,18410,0.718029976,1322,1404.447761,1328.72549,1355,1429.791045,1362.470588,132.55,130.8119403,140.4901961,134.45,132.7830846,141.75,2,5,1,0,32
20100202,2009-2010,18405,0.715499997,1339,1403.681592,1328.823529,1372,1429.253731,1362.823529,135.05,130.9179104,140.4764706,136.95,132.8895522,141.7127451,2,5,2,1,33
20100203,2009-2010,18440,0.719370008,1324,1402.79602,1329.078431,1357,1428.631841,1363.411765,133,131.0231343,140.377451,134.85,132.9945274,141.6009804,2,5,3,2,34
20100204,2009-2010,18425,0.727540016,1310,1401.880597,1328.803922,1344,1427.955224,1363.411765,131.55,131.1221393,140.3088235,133.4,133.0930348,141.5294118,2,5,4,3,35
20100205,2009-2010,18425,0.730989993,1295,1400.870647,1328.039216,1330,1427.114428,1363.058824,128.8,131.2044776,140.195098,130.7,133.1743781,141.4303922,2,5,5,4,36
20100208,2009-2010,18415,0.732349992,1296,1399.935323,1327.686275,1330,1426.318408,1363.098039,130.65,131.2726368,140.0843137,132.55,133.24801,141.3352941,2,6,8,0,39
20100209,2009-2010,18410,0.725579977,1300,1398.955224,1327.176471,1331,1425.427861,1362.921569,130.4,131.3355721,139.9735294,132.25,133.3176617,141.2588235,2,6,9,1,40
20100210,2009-2010,18405,0.727100015,1295,1398.164179,1326.745098,1325,1424.706468,1362.803922,132.2,131.4012438,139.8441176,133.8,133.3890547,141.1588235,2,6,10,2,41
20100211,2009-2010,18400,0.73089999,1300,1397.427861,1326.392157,1331,1424.00995,1362.784314,132.2,131.4873134,139.7313725,133.65,133.4798507,141.072549,2,6,11,3,42
20100212,2009-2010,18400,0.733410001,1297,1396.671642,1325.980392,1329,1423.298507,1362.294118,132.75,131.5721393,139.554902,134.3,133.5696517,140.9215686,2,6,12,4,43
20100215,2009-2010,18602,0.735130012,1286,1395.985075,1324.784314,1318,1422.626866,1360.980392,133.1,131.6154229,139.4661765,134.675,133.615796,140.8465686,2,7,15,0,46
20100216,2009-2010,18405,0.726369977,1286,1395.044776,1323.803922,1316,1421.736318,1359.862745,133.45,131.6587065,139.377451,135.05,133.6619403,140.7715686,2,7,16,1,47
20100217,2009-2010,18405,0.734920025,1277,1393.960199,1322.45098,1310,1420.716418,1358.431373,132.25,131.7445274,139.1627451,134.65,133.7552239,140.5941176,2,7,17,2,48
20100218,2009-2010,18525,0.742860019,1272,1392.820896,1321.509804,1306,1419.686567,1357.45098,134.1,131.8154229,138.9656863,136.4,133.8348259,140.4323529,2,7,18,3,49
20100219,2009-2010,18500,0.734480023,1269,1391.78607,1319.392157,1303,1418.756219,1355.372549,134.75,131.8878109,138.8411765,137.05,133.9154229,140.3480392,2,7,19,4,50
20100222,2009-2010,18525,0.734990001,1226,1390.502488,1316.862745,1263,1417.587065,1352.921569,129.85,131.9186567,138.5196078,131.9,133.9514925,140.0598039,2,8,22,0,53
20100223,2009-2010,18505,0.739260018,1226,1389.218905,1313.980392,1264,1416.373134,1350.137255,130.35,131.9504975,138.2588235,132.25,133.9880597,139.8313725,2,8,23,1,54
20100224,2009-2010,18776,0.738380015,1233,1387.965174,1311.058824,1271,1415.208955,1347.352941,130.45,131.9843284,138.0411765,132.85,134.0291045,139.6588235,2,8,24,2,55
20100225,2009-2010,18505,0.738770008,1216,1386.651741,1308.117647,1259,1414.00995,1344.705882,127.7,131.9942786,137.7480392,129.8,134.0445274,139.4058824,2,8,25,3,56
20100226,2009-2010,18800,0.733619988,1238,1385.442786,1305.509804,1284,1412.910448,1342.392157,129.05,132.0002488,137.4823529,131.2,134.0579602,139.1813725,2,8,26,4,57
20100301,2009-2010,19000,0.737349987,1269,1384.358209,1303.470588,1294,1411.835821,1340.235294,129.55,132.0072139,137.1627451,131.75,134.0726368,138.9039216,3,9,1,0,60
20100302,2009-2010,19025,0.734179974,1252,1383.089552,1301.098039,1279,1410.59204,1337.745098,130.2,132.0236318,136.8294118,132.3,134.0982587,138.6107843,3,9,2,1,61
20100303,2009-2010,19005,0.729839981,1254,1381.810945,1299.254902,1284,1409.338308,1335.745098,129.7,132.0323383,136.4666667,132.1,134.1186567,138.2931373,3,9,3,2,62
20100304,2009-2010,19000,0.73615998,1210,1380.343284,1297,1249,1407.915423,1333.490196,127.85,132.0338308,136.1107843,130.2,134.130597,137.9794118,3,9,4,3,63
20100305,2009-2010,19010,0.733730018,1200,1378.791045,1294.941176,1232,1406.38806,1331.294118,128,132.0268657,135.7901961,130.4,134.1355721,137.6882353,3,9,5,4,64
20100308,2009-2010,19000,0.734380007,1190,1377.303483,1293,1222,1404.925373,1329.215686,128.7,132.0089552,135.4588235,131.1,134.120398,137.3715686,3,10,8,0,67
20100309,2009-2010,19005,0.734920025,1219,1375.9801,1291.509804,1245,1403.606965,1327.45098,130.25,131.9937811,135.2196078,132.75,134.1087065,137.1470588,3,10,9,1,68
20100310,2009-2010,19050,0.732959986,1208,1374.487562,1289.960784,1233,1402.114428,1325.607843,130.5,131.9674129,134.9813725,132.75,134.0845771,136.9186275,3,10,10,2,69
20100311,2009-2010,19050,0.73071003,1203,1373.054726,1288.843137,1237,1400.691542,1324.352941,131.45,131.9497512,134.827451,133.75,134.0689055,136.7764706,3,10,11,3,70
20100312,2009-2010,19050,0.726220012,1203,1371.621891,1287.392157,1227,1399.134328,1322.568627,130.15,131.918408,134.6941176,132.5,134.0400498,136.654902,3,10,12,4,71
20100315,2009-2010,18603,0.731130004,1201,1369.840796,1285.568627,1225,1397.422886,1320.470588,128.65,131.8843284,134.5431373,131.05,134.0084577,136.5156863,3,11,15,0,74
20100316,2009-2010,19055,0.726279974,1206,1368.139303,1283.313725,1231,1395.791045,1317.862745,130.35,131.8522388,134.4196078,132.75,133.978607,136.4039216,3,11,16,1,75
20100317,2009-2010,19025,0.727890015,1223,1366.587065,1281.509804,1248,1394.298507,1315.72549,131.2,131.821393,134.3264706,133.6,133.9497512,136.3254902,3,11,17,2,76
20100318,2009-2010,19015,0.734539986,1242,1365.089552,1279.607843,1267,1392.865672,1313.490196,133.15,131.7761194,134.1558824,135.55,133.9067164,136.1666667,3,11,18,3,77
20100319,2009-2010,19025,0.73872,1226,1363.487562,1277.215686,1258,1391.363184,1310.941176,130.3,131.7179104,133.9460784,132.5,133.8497512,135.9637255,3,11,19,4,78
20100322,2009-2010,19000,0.737079978,1241,1362.014925,1274.882353,1273,1389.99005,1308.45098,133,131.6912935,133.777451,134.7,133.8216418,135.7931373,3,12,22,0,81
20100323,2009-2010,19005,0.742500007,1255,1360.577114,1273.098039,1287,1388.646766,1306.529412,134.75,131.6691542,133.6372549,136.35,133.7977612,135.6480392,3,12,23,1,82
20100324,2009-2010,18425,0.750129998,1255,1359.18408,1271.098039,1287,1387.338308,1304.392157,134.3,131.671393,133.4205882,135.95,133.7982587,135.427451,3,12,24,2,83
20100325,2009-2010,19005,0.751479983,1310,1358.074627,1270.137255,1342,1386.318408,1303.294118,137,131.7059701,133.2892157,138.6,133.830597,135.2911765,3,12,25,3,84
20100326,2009-2010,19010,0.745710015,1307,1357,1269.156863,1339,1385.313433,1302.176471,135.85,131.7293532,133.1470588,137.4,133.8512438,135.1431373,3,12,26,4,85
20100329,2009-2010,19025,0.741779983,1339,1356.467662,1269.215686,1371,1384.810945,1302.098039,138.15,131.768408,133.0098039,139.6,133.8868159,135,3,13,29,0,88
20100330,2009-2010,19050,0.744930029,1324,1355.741294,1269.078431,1356,1384.119403,1301.705882,138.95,131.8049751,132.9039216,140.55,133.9208955,134.8921569,3,13,30,1,89
20100331,2009-2010,19055,0.7403,1324,1355.159204,1269,1356,1383.572139,1301.372549,136.15,131.8378109,132.8137255,137.85,133.9517413,134.8,3,13,31,2,90
20100401,2009-2010,19050,0.73615998,1356,1354.756219,1270,1389,1383.19403,1302.235294,137.4,131.9176617,132.745098,139.05,134.029602,134.7294118,4,13,1,3,91
20100402,2009-2010,18727,0.740469992,1358.333333,1354.787728,1270.464052,1391.666667,1383.238806,1302.69281,138.525,131.9605721,132.7495098,140.175,134.0712687,134.7323529,4,13,2,4,92
20100405,2009-2010,19025,0.741339982,1360.666667,1354.819237,1270.928105,1394.333333,1383.283582,1303.150327,139.65,132.0034826,132.7539216,141.3,134.1129353,134.7352941,4,14,5,0,95
20100406,2009-2010,19040,0.746159971,1363,1354.850746,1271.392157,1397,1383.328358,1303.607843,139.2,132.1067164,132.7637255,140.85,134.2124378,134.7431373,4,14,6,1,96
20100407,2009-2010,19055,0.749149978,1345,1354.830846,1271.784314,1380,1383.333333,1304,137.55,132.191791,132.7235294,139.25,134.2940299,134.7009804,4,14,7,2,97
20100408,2009-2010,19030,0.748440027,1338,1355.00995,1271.960784,1374,1383.527363,1304.196078,134.7,132.2813433,132.6313725,136.45,134.3773632,134.6078431,4,14,8,3,98
20100409,2009-2010,18975,0.740689993,1340,1355.223881,1272.509804,1376,1383.781095,1304.764706,132.7,132.3559701,132.522549,134.5,134.4472637,134.4980392,4,14,9,4,99
20100412,2009-2010,18960,0.735509992,1353,1355.547264,1273.588235,1388,1384.154229,1305.843137,133.55,132.4425373,132.522549,135.3,134.528607,134.495098,4,15,12,0,102
20100413,2009-2010,18965,0.734830022,1346,1355.925373,1274.588235,1383,1384.597015,1306.882353,132.2,132.5223881,132.5078431,133.85,134.6017413,134.4754902,4,15,13,1,103
20100414,2009-2010,18950,0.732280016,1348,1356.19403,1275.627451,1386,1384.905473,1308.098039,131.85,132.5935323,132.5107843,133.5,134.6676617,134.4735294,4,15,14,2,104
20100415,2009-2010,18945,0.736699998,1348,1356.437811,1276.137255,1386,1385.159204,1308.705882,131.75,132.6681592,132.495098,133.4,134.7383085,134.4529412,4,15,15,3,105
20100416,2009-2010,18719,0.74052,1345,1356.661692,1276.254902,1382,1385.452736,1308.901961,129.1,132.7241294,132.3784314,130.8,134.790796,134.3323529,4,15,16,4,106
20100419,2009-2010,18699,0.741439998,1314,1356.636816,1276.058824,1353,1385.547264,1308.823529,129,132.7823383,132.3,130.75,134.8447761,134.2519608,4,16,19,0,109
20100420,2009-2010,18682,0.744319975,1298,1356.512438,1275.823529,1336,1385.537313,1308.666667,129.15,132.8457711,132.2529412,130.9,134.9037313,134.2029412,4,16,20,1,110
20100421,2009-2010,18686,0.746829987,1284,1356.278607,1275.607843,1323,1385.427861,1308.529412,129.7,132.9186567,132.2705882,131.25,134.9706468,134.2137255,4,16,21,2,111
20100422,2009-2010,18900,0.753579974,1292,1356.069652,1275.529412,1331,1385.323383,1308.54902,131.1,132.9967662,132.2794118,131.45,135.0370647,134.1921569,4,16,22,3,112
20100423,2009-2010,18880,0.747160017,1297,1355.900498,1275.470588,1336,1385.288557,1308.647059,131.8,133.0853234,132.3068627,131.95,135.1129353,134.1862745,4,16,23,4,113
20100426,2009-2010,18683,0.746200025,1289,1355.651741,1275.352941,1328,1385.169154,1308.705882,132.55,133.1825871,132.3137255,132.65,135.1997512,134.1637255,4,17,26,0,116
20100427,2009-2010,18925,0.759259999,1244,1355.124378,1274.254902,1285,1384.78607,1307.803922,130.8,133.268408,132.2862745,130.85,135.2753731,134.1088235,4,17,27,1,117
20100428,2009-2010,18900,0.756839991,1266,1354.686567,1273.647059,1308,1384.502488,1307.392157,133.85,133.3756219,132.3078431,133.9,135.3723881,134.1009804,4,17,28,2,118
20100429,2009-2010,18890,0.753979981,1282,1354.218905,1273.568627,1322,1384.179104,1307.470588,134.5,133.4860697,132.3284314,134.6,135.470398,134.0921569,4,17,29,3,119
20100430,2009-2010,18875,0.75199002,1292,1353.686567,1273.686275,1335,1383.80597,1307.843137,135.2,133.5970149,132.3862745,135.3,135.5689055,134.104902,4,17,30,4,120
20100503,2009-2010,18980,0.757579982,1316.5,1353.537313,1274.313725,1356.5,1383.524876,1308.754902,138.4,133.710199,132.4705882,138.55,135.671393,134.1470588,5,18,3,0,123
20100504,2009-2010,18900,0.771369994,1341,1353.38806,1274.941176,1378,1383.136816,1310.166667,137.4,133.8291045,132.522549,137.5,135.7800995,134.1558824,5,18,4,1,124
20100505,2009-2010,18900,0.780340016,1335,1352.875622,1276.176471,1370,1382.425373,1311.480392,137.25,133.9335821,132.6676471,137.3,135.8726368,134.2617647,5,18,5,2,125
20100506,2009-2010,18900,0.791580021,1313,1351.950249,1277.039216,1352,1381.68408,1313.22549,133.15,134.0002488,132.722549,133.2,135.9268657,134.2803922,5,18,6,3,126
20100507,2009-2010,18905,0.783940017,1331,1351.174129,1279.098039,1371,1381.131841,1315.323529,133,134.0651741,132.772549,133.9,135.9835821,134.3009804,5,18,7,4,127
20100510,2009-2010,18731,0.782519996,1337,1350.522388,1281.27451,1385,1380.5199,1317.558824,133.55,134.1320896,132.8872549,134.15,136.0383085,134.3862745,5,19,10,0,130
20100511,2009-2010,18945,0.791769981,1351,1349.865672,1283.588235,1398,1380.141791,1320.284314,135.25,134.1853234,133.0088235,136.15,136.080597,134.4833333,5,19,11,1,131
20100512,2009-2010,18920,0.791199982,1368,1349.462687,1286.568627,1408,1379.808458,1322.715686,136.8,134.2492537,133.1509804,136.85,136.1293532,134.5833333,5,19,12,2,132
20100513,2009-2010,18940,0.797379971,1354,1348.9801,1288.843137,1402,1379.445274,1324.833333,137.05,134.3119403,133.2852941,137.1,136.1768657,134.677451,5,19,13,3,133
20100514,2009-2010,18950,0.809059978,1328,1348.353234,1290,1376,1378.90796,1326.735294,134.25,134.3689055,133.3745098,134.3,136.2189055,134.7205882,5,19,14,4,134
20100517,2009-2010,18582,0.806909978,1307,1347.572139,1291.078431,1352,1378.221393,1328.068627,134.55,134.4271144,133.5058824,132.55,136.2517413,134.7666667,5,20,17,0,137
20100518,2009-2010,18940,0.821089983,1324,1346.855721,1292.45098,1369,1377.549751,1330.421569,136.25,134.4833333,133.6676471,134.25,136.2823383,134.8421569,5,20,18,1,138
20100519,2009-2010,18461,0.806879997,1291,1345.975124,1294.039216,1336,1376.544776,1332.460784,132.5,134.5064677,133.7421569,133.8,136.2962687,134.895098,5,20,19,2,139
20100520,2009-2010,18935,0.801349998,1289,1344.850746,1295.784314,1334,1375.504975,1334.656863,131.65,134.4995025,133.7696078,132.95,136.2803483,134.8990196,5,20,20,3,140
20100521,2009-2010,18940,0.795729995,1289,1343.701493,1297.72549,1334,1374.564677,1336.401961,132.4,134.4965174,133.8068627,133.7,136.2686567,134.9176471,5,20,21,4,141
20100524,2009-2010,18950,0.80971998,1282,1342.621891,1298.960784,1330,1373.639303,1338.303922,132.25,134.5002488,133.822549,133.65,136.2644279,134.9156863,5,21,24,0,144
20100525,2009-2010,18950,0.809979975,1283,1341.572139,1300.431373,1330,1372.728856,1340.127451,132.75,134.4905473,133.8735294,134.25,136.2467662,134.95,5,21,25,1,145
20100526,2009-2010,18960,0.82148999,1290,1340.572139,1302.137255,1334,1371.977612,1342.22549,133.7,134.4696517,133.972549,135.25,136.2181592,135.0323529,5,21,26,2,146
20100527,2009-2010,18950,0.809849977,1301,1339.766169,1304.058824,1336,1371.281095,1344.401961,134.75,134.4641791,134.0588235,136.3,136.2047264,135.1019608,5,21,27,3,147
20100528,2009-2010,18945,0.814729989,1301,1339.014925,1306.019608,1338,1370.674129,1346.5,134.25,134.450995,134.1186275,135.8,136.1835821,135.145098,5,21,28,4,148
20100531,2009-2010,18542,0.813809991,1325,1338.79602,1307.421569,1361.5,1370.547264,1347.843137,135.4,134.4534826,134.1519608,136.925,136.1819652,135.1696078,5,22,31,0,151
20100601,2009-2010,18925,0.817460001,1349,1338.577114,1308.823529,1385,1370.420398,1349.186275,136.55,134.4559701,134.1852941,138.05,136.1803483,135.1941176,6,22,1,1,152
20100602,2009-2010,18940,0.817059994,1338,1338.19403,1311.078431,1373,1370.221393,1351.264706,135.4,134.4691542,134.2852941,136.9,136.1845771,135.2803922,6,22,2,2,153
20100603,2009-2010,18950,0.821730018,1346,1337.960199,1313.117647,1382,1370.206468,1353.696078,135.6,134.5022388,134.3362745,137.05,136.2079602,135.3264706,6,22,3,3,154
20100604,2009-2010,18955,0.835349977,1336,1337.820896,1315.27451,1372,1370.171642,1355.637255,133.75,134.5435323,134.3166667,135.3,136.2395522,135.3058824,6,22,4,4,155
20100607,2009-2010,18652,0.838720024,1338,1337.711443,1317.176471,1373,1370.121891,1357.323529,133.1,134.5850746,134.2931373,134.6,136.2711443,135.2794118,6,23,7,0,158
20100608,2009-2010,18940,0.835280001,1341,1337.597015,1318.862745,1375,1370.161692,1359.04902,133.55,134.6258706,134.2254902,135.1,136.3029851,135.2107843,6,23,8,1,159
20100609,2009-2010,18925,0.833890021,1383,1337.791045,1321.372549,1407,1370.405473,1360.323529,134.45,134.6843284,134.1980392,136.05,136.3539801,135.1843137,6,23,9,2,160
20100610,2009-2010,18654,0.825829983,1473,1338.477612,1324.568627,1473,1371.062189,1362.95098,137,134.7504975,134.1754902,138.55,136.4211443,135.1637255,6,23,10,3,161
20100611,2009-2010,18940,0.825489998,1560,1339.691542,1329.529412,1524,1371.893035,1365.95098,144.95,134.8696517,134.2931373,146.1,136.5385572,135.272549,6,23,11,4,162
20100614,2009-2010,18925,0.818459988,1568,1340.850746,1334.019608,1558,1372.564677,1369.911765,150.95,135.0233831,134.5833333,151.6,136.688806,135.5421569,6,24,14,0,165
20100615,2009-2010,18920,0.811749995,1551,1341.606965,1338.470588,1570,1373.400498,1374.107843,159.35,135.2012438,135.0137255,159.95,136.8651741,135.9519608,6,24,15,1,166
20100616,2009-2010,18925,0.812219977,1563,1342.542289,1343.156863,1566,1374.171642,1377.578431,158.75,135.3932836,135.3882353,159.6,137.0554726,136.3107843,6,24,16,2,167
20100617,2009-2010,18930,0.807619989,1540,1343.373134,1346.764706,1551,1374.878109,1380.598039,156.35,135.5686567,135.7245098,157.8,137.2320896,136.6431373,6,24,17,3,168
20100618,2009-2010,18925,0.806909978,1543,1344.21393,1350.294118,1571,1375.599502,1384.343137,160.25,135.7644279,136.1696078,162.1,137.4300995,137.0911765,6,24,18,4,169
20100621,2009-2010,18920,0.811950028,1538,1344.845771,1354.078431,1573,1376.360697,1388.245098,158.95,135.9621891,136.645098,160.8,137.6325871,137.5686275,6,25,21,0,172
20100622,2009-2010,18925,0.814660013,1532,1345.477612,1357.882353,1569,1376.962687,1392.029412,159.1,136.1547264,137.1627451,160.75,137.829602,138.0833333,6,25,22,1,173
20100623,2009-2010,18636,0.811749995,1551,1346.139303,1362.019608,1580,1377.390547,1395.794118,158.6,136.3477612,137.6539216,160.5,138.0271144,138.577451,6,25,23,2,174
20100624,2009-2010,18925,0.81054002,1622,1346.875622,1367.294118,1649,1378.161692,1401.009804,166.75,136.5661692,138.3313725,168.75,138.2492537,139.2617647,6,25,24,3,175
20100625,2009-2010,18930,0.808210015,1671,1347.835821,1373.666667,1691,1379.136816,1406.990196,167,136.7850746,139.0205882,168.9,138.4696517,139.9558824,6,25,25,4,176
20100628,2009-2010,18955,0.814530015,1680,1348.835821,1380.176471,1710,1380.291045,1413.343137,166.3,136.9970149,139.6980392,168.1,138.6830846,140.6362745,6,26,28,0,179
20100629,2009-2010,18742,0.820590019,1667,1349.850746,1386.431373,1701,1381.350746,1419.598039,161.5,137.1865672,140.3333333,163.15,138.8746269,141.2705882,6,26,29,1,180
20100630,2009-2010,18950,0.817659974,1699,1350.970149,1393.372549,1731,1382.475124,1427.009804,164.2,137.3800995,141.0235294,165.85,139.0701493,141.9588235,6,26,30,2,181
20100701,2009-2010,19000,0.799520016,1740,1352.208955,1401.72549,1766,1383.788557,1435.441176,166.2,137.5497512,141.75,168.25,139.2450249,142.6911765,7,26,1,3,182
20100702,2009-2010,19000,0.795480013,1729,1353.40796,1410.176471,1750,1384.972637,1443.813725,162.3,137.6925373,142.3892157,164.3,139.3927861,143.3392157,7,26,2,4,183
20100705,2009-2010,18778,0.797640026,1688,1354.353234,1418.098039,1710,1385.89801,1451.245098,158.9,137.74801,142.6284314,160.975,139.4511194,143.5960784,7,27,5,0,186
20100706,2009-2010,19025,0.792140007,1625,1354.925373,1424.627451,1650,1386.579602,1457.401961,155.5,137.8034826,142.8676471,157.65,139.5094527,143.8529412,7,27,6,1,187
20100707,2009-2010,19050,0.791570008,1644,1355.646766,1431.431373,1669,1387.524876,1464.088235,160.65,137.9308458,143.4333333,163.05,139.6437811,144.4627451,7,27,7,2,188
20100708,2009-2010,18776,0.787769973,1671,1356.671642,1438.921569,1696,1388.584577,1472.147059,159.65,138.0544776,143.9647059,162.1,139.7733831,145.0401961,7,27,8,3,189
20100709,2009-2010,18776,0.790889978,1682,1357.751244,1447.509804,1709,1389.738806,1480.009804,161.2,138.181592,144.5607843,163.85,139.9,145.6872549,7,27,9,4,190
20100712,2009-2010,18827,0.794279993,1680,1358.81592,1455.627451,1705,1391.256219,1487.519608,161.15,138.2965174,145.0960784,163.55,140.0131841,146.2686275,7,28,12,0,193
20100713,2009-2010,19055,0.786109984,1696,1360.343284,1463.745098,1721,1392.853234,1495.088235,163.25,138.4300995,145.6598039,165.65,140.1450249,146.877451,7,28,13,1,194
20100714,2009-2010,18715,0.78490001,1709,1361.930348,1471.921569,1731,1394.475124,1502.431373,162.6,138.5957711,146.1970588,164.9,140.3074627,147.4578431,7,28,14,2,195
20100715,2009-2010,19050,0.773479998,1730,1363.621891,1479.54902,1753,1396.281095,1509.784314,164.8,138.7803483,146.7147059,167.1,140.4890547,148.0176471,7,28,15,3,196
20100716,2009-2010,18757,0.773280025,1741,1365.442786,1487.509804,1764,1398.161692,1517.509804,164.8,138.9676617,147.2519608,167.05,140.6728856,148.5970588,7,28,16,4,197
20100719,2009-2010,19075,0.772830009,1720,1367.159204,1495.490196,1730,1399.843284,1524.921569,162,139.1492537,147.7372549,163.8,140.8487562,149.1166667,7,29,19,0,200
20100720,2009-2010,19135,0.77561003,1678,1368.726368,1502.294118,1684,1401.206468,1531.058824,156.45,139.291791,148.1941176,158.55,140.9873134,149.6137255,7,29,20,1,201
20100721,2009-2010,18782,0.78320998,1650,1370.054726,1508.431373,1672,1402.534826,1536.686275,157.3,139.4440299,148.6705882,158.05,141.1288557,150.0872549,7,29,21,2,202
20100722,2009-2010,18788,0.77500999,1669,1371.512438,1514.666667,1691,1403.748756,1542.431373,161.7,139.6032338,149.222549,162.3,141.2763682,150.6392157,7,29,22,3,203
20100723,2009-2010,19075,0.774410009,1710,1372.960199,1521.372549,1730,1405.067164,1548.745098,166,139.7850746,149.8254902,166.7,141.4467662,151.2382353,7,29,23,4,204
20100726,2009-2010,19075,0.76928997,1703,1374.283582,1528.215686,1723,1406.151741,1555.039216,165.6,139.9442786,150.3901961,166.55,141.5962687,151.8205882,7,30,26,0,207
20100727,2009-2010,18782,0.769770026,1691,1375.328358,1535.333333,1699,1407.216418,1561.372549,163.75,140.0910448,150.9137255,164.75,141.7338308,152.3627451,7,30,27,1,208
20100728,2009-2010,19050,0.769689977,1714,1376.587065,1543.313725,1721,1408.325871,1568.607843,167.4,140.2378109,151.5637255,168.35,141.8716418,153.0303922,7,30,28,2,209
20100729,2009-2010,19055,0.764639974,1741,1377.935323,1551.490196,1747,1409.753731,1576.019608,173.05,140.4238806,152.3186275,173.75,142.0477612,153.8382353,7,30,29,3,210
20100730,2009-2010,19070,0.766929984,1741,1379.497512,1560.313725,1810,1411.400498,1585.313725,176.3,140.6141791,153.1039216,176.8,142.2263682,154.672549,7,30,30,4,211
20100802,2009-2010,18769,0.758960009,1778,1381.154229,1569.901961,1793,1412.972637,1594.313725,172.5,140.7835821,153.8882353,173.3,142.3855721,155.4470588,8,31,2,0,214
20100803,2009-2010,19050,0.756139994,1717,1382.517413,1578.294118,1736,1414.166667,1602.196078,166.65,140.9199005,154.5745098,167.65,142.5129353,156.127451,8,31,3,1,215
20100804,2009-2010,19050,0.756139994,1741,1383.915423,1587.294118,1760,1415.4801,1610.627451,169.75,141.0791045,155.3068627,170.85,142.6636816,156.8558824,8,31,4,2,216
20100805,2009-2010,19005,0.759989977,1740,1385.303483,1596.254902,1760,1416.863184,1619.058824,169.85,141.2134328,156.0441176,171.05,142.790796,157.5892157,8,31,5,3,217
20100806,2009-2010,18795,0.758650005,1718,1386.656716,1604.647059,1740,1418.116915,1627.019608,167.4,141.328607,156.7235294,168.7,142.8992537,158.2647059,8,31,6,4,218
20100809,2009-2010,18630,0.752690017,1724,1388.0199,1612.941176,1750,1419.465174,1635.137255,169.6,141.4669154,157.427451,171.1,143.0318408,158.9676471,8,32,9,0,221
20100810,2009-2010,19050,0.755859971,1708,1389.368159,1620.921569,1732,1421.072139,1642.862745,169.65,141.5930348,158.1117647,171.3,143.1532338,159.6539216,8,32,10,1,222
20100811,2009-2010,19045,0.758440018,1708,1391.084577,1627.960784,1734,1422.679104,1649.705882,170.6,141.7271144,158.8245098,172.35,143.2823383,160.3705882,8,32,11,2,223
20100812,2009-2010,19050,0.778569996,1735,1392.925373,1635.745098,1766,1424.310945,1657.411765,175.55,141.9181592,159.5892157,177.55,143.4689055,161.145098,8,32,12,3,224
20100813,2009-2010,19045,0.779429972,1731,1394.60199,1643.294118,1768,1425.952736,1664.980392,175.5,142.1121891,160.3754902,177.6,143.6587065,161.9431373,8,32,13,4,225
20100816,2009-2010,18815,0.783029974,1730,1396.278607,1651.019608,1770,1427.5199,1672.784314,178.7,142.3228856,161.2205882,181.1,143.8666667,162.8068627,8,33,16,0,228
20100817,2009-2010,18774,0.780520022,1744,1397.960199,1658.980392,1786,1429.28607,1680.882353,175.5,142.5263682,162.0392157,178.3,144.069403,163.65,8,33,17,1,229
20100818,2009-2010,18793,0.77640003,1712,1399.58209,1666.254902,1753,1430.659204,1688.294118,175.15,142.7174129,162.8637255,177.8,144.2587065,164.4970588,8,33,18,2,230
20100819,2009-2010,19147,0.777819991,1711,1400.975124,1672.686275,1751,1432.146766,1695.039216,177.3,142.9253731,163.7215686,179.85,144.4641791,165.3745098,8,33,19,3,231
20100820,2009-2010,19182,0.78075999,1751,1402.651741,1678.137255,1791,1433.858209,1701.27451,181.55,143.120398,164.645098,185.05,144.6614428,166.3352941,8,33,20,4,232
20100823,2009-2010,19175,0.78678,1737,1404.288557,1681.607843,1777,1435.50995,1706.235294,181.5,143.321393,165.5176471,183.25,144.8557214,167.2117647,8,34,23,0,235
20100824,2009-2010,19152,0.791450024,1600,1405.253731,1682.235294,1640,1436.50995,1707.843137,166.85,143.4512438,165.9470588,168.45,144.9781095,167.65,8,34,24,1,236
20100825,2009-2010,19167,0.791580021,1559,1406.034826,1682.392157,1591,1437.385572,1708.254902,164.1,143.5606965,166.204902,166.6,145.0848259,167.9441176,8,34,25,2,237
20100826,2009-2010,19177,0.789640009,1563,1406.995025,1682.392157,1597,1438.763682,1708.862745,169.95,143.7151741,166.4127451,172.4,145.2363184,168.1882353,8,34,26,3,238
20100827,2009-2010,19141,0.787,1597,1408.597015,1683.509804,1637,1440.256219,1710.54902,177.05,143.8992537,166.7715686,178.85,145.4139303,168.5656863,8,34,27,4,239
20100830,2009-2010,19093,0.784070015,1599.5,1409.31592,1684.088235,1639,1441.878109,1711.882353,179.55,144.1256219,167.2264706,181.4,145.6340796,169.0284314,8,35,30,0,242
20100831,2009-2010,19194,0.789520025,1602,1410.034826,1684.666667,1641,1443.544776,1713.215686,176.8,144.3450249,167.5509804,178.45,145.8462687,169.3490196,8,35,31,1,243
20100901,2009-2010,19180,0.788190007,1617,1411.646766,1686.215686,1647,1445.077114,1714.745098,180.5,144.5930348,167.9735294,182.35,146.0885572,169.7715686,9,35,1,2,244
20100902,2009-2010,19450,0.781069994,1611,1413.268657,1687.764706,1641,1446.634328,1715.941176,183.2,144.8522388,168.4460784,184.85,146.3405473,170.2441176,9,35,2,3,245
20100903,2009-2010,19165,0.77967,1604,1414.691542,1688.803922,1639,1448.052239,1715.745098,185.05,145.0945274,168.9647059,186.95,146.5768657,170.7627451,9,35,3,4,246
20100906,2009-2010,19110,0.775550008,1592,1416.104478,1688.215686,1617,1449.495025,1714.294118,187.875,145.2312189,169.1995098,189.625,146.7098259,170.9936275,9,36,6,0,249
20100907,2009-2010,19183,0.777100027,1595,1417.402985,1686.72549,1620,1450.868159,1712.529412,190.7,145.3679104,169.4343137,192.3,146.8427861,171.2245098,9,36,7,1,250
20100908,2009-2010,19450,0.78877002,1610,1418.890547,1685.352941,1635,1452.29602,1711.235294,193.1,145.641791,169.9460784,194.55,147.1114428,171.727451,9,36,8,2,251
20100909,2009-2010,19159,0.785420001,1574,1420.134328,1683.529412,1591,1453.604478,1708.490196,189.15,145.9109453,170.3941176,190.7,147.3783582,172.1705882,9,36,9,3,252
20100910,2009-2010,19176,0.787829995,1565,1421.283582,1680.901961,1583,1454.813433,1704.901961,188.25,146.1778607,170.9186275,189.8,147.6472637,172.6931373,9,36,10,4,253
20100913,2009-2010,19175,0.786350012,1562,1422.517413,1677.411765,1571,1456.007463,1701.392157,187.5,146.4325871,171.3754902,189.15,147.9047264,173.15,9,37,13,0,256
20100914,2009-2010,19455,0.776880026,1582,1423.791045,1674.529412,1591,1457.29602,1699.058824,193.7,146.719403,171.9147059,195.3,148.199005,173.6803922,9,37,14,1,257
20100915,2009-2010,19475,0.769720018,1620,1425.298507,1673.196078,1629,1458.664179,1698.647059,192.65,146.9873134,172.5098039,194.15,148.4738806,174.2656863,9,37,15,2,258
20100916,2009-2010,19475,0.768339992,1644,1426.920398,1673.568627,1653,1459.997512,1698.333333,190.35,147.24801,173.1931373,191.8,148.7412935,174.9352941,9,37,16,3,259
20100917,2009-2010,19450,0.764760017,1660,1428.621891,1673.882353,1669,1461.470149,1697.803922,187.85,147.4773632,173.7264706,189.3,148.9766169,175.45,9,37,17,4,260
20100920,2009-2010,19258,0.766640007,1645,1430.104478,1673.372549,1654,1462.818408,1696.72549,180.55,147.6666667,174.1362745,181.95,149.1718905,175.8392157,9,38,20,0,263
20100921,2009-2010,19450,0.765290022,1660,1431.716418,1672.941176,1669,1464.375622,1696.019608,182.9,147.8641791,174.5617647,184.35,149.3741294,176.2411765,9,38,21,1,264
20100922,2009-2010,19455,0.754320025,1686,1433.40796,1673.058824,1696,1465.803483,1695.529412,179.95,148.0422886,174.9303922,181.55,149.5577114,176.5941176,9,38,22,2,265
20100923,2009-2010,19163,0.746770024,1726,1435.427861,1673.647059,1737,1467.539801,1695.647059,181.65,148.2440299,175.2911765,183.1,149.7654229,176.9362745,9,38,23,3,266
20100924,2009-2010,19169,0.750800014,1716,1437.114428,1673.784314,1727,1469.136816,1695.137255,180.6,148.4149254,175.6441176,182.2,149.9425373,177.2754902,9,38,24,4,267
20100927,2009-2010,19100,0.741890013,1725,1438.955224,1673.686275,1736,1470.743781,1694.588235,182.25,148.6069652,175.9862745,183.85,150.1412935,177.6039216,9,39,27,0,270
20100928,2009-2010,19179,0.744099975,1755,1440.855721,1673.960784,1766,1472.594527,1695.294118,188.95,148.8427861,176.4598039,190.3,150.3833333,178.0598039,9,39,28,1,271
20100929,2009-2010,19475,0.736869991,1726,1442.567164,1674.078431,1737,1474.261194,1696.333333,185.75,149.0572139,176.9254902,187.25,150.6049751,178.5196078,9,39,29,2,272
20100930,2009-2010,19470,0.733780026,1726,1444.358209,1675.019608,1722,1475.843284,1697.313725,183.05,149.2584577,177.4470588,184.55,150.8134328,179.0294118,9,39,30,3,273
20101001,2010-2011,19172,0.734099984,1725,1446.119403,1676.490196,1750,1477.554726,1698.470588,181.1,149.4338308,177.9137255,182.8,150.9970149,179.5147059,10,39,1,4,274
20101004,2010-2011,19147,0.725849986,1634,1447.41791,1675.803922,1661,1478.922886,1697.117647,172.5,149.5597015,178.1254902,174.3,151.131592,179.75,10,40,4,0,277
20101005,2010-2011,19470,0.73131001,1640,1448.746269,1674.431373,1666,1480.425373,1696,177,149.7029851,178.3411765,178.75,151.2830846,179.9862745,10,40,5,1,278
20101006,2010-2011,19475,0.722859979,1627,1450.134328,1672.941176,1657,1481.982587,1695.176471,175.55,149.85,178.5362745,177.3,151.4378109,180.1970588,10,40,6,2,279
20101007,2010-2011,19460,0.718389988,1621,1451.606965,1671.568627,1653,1483.599502,1693.843137,173.45,149.9947761,178.7264706,175.3,151.5873134,180.4039216,10,40,7,3,280
20101008,2010-2011,19465,0.717980027,1655,1453.348259,1670.411765,1687,1485.350746,1692.666667,182.15,150.1766169,179.0156863,183.85,151.769403,180.7078431,10,40,8,4,281
20101011,2010-2011,19154,0.715430021,1627,1455.029851,1668.176471,1661,1487.012438,1689.745098,178.65,150.3567164,179.1254902,180.35,151.9492537,180.8372549,10,41,11,0,284
20101012,2010-2011,19265,0.720449984,1653,1456.810945,1666.45098,1687,1488.932836,1687.666667,185.7,150.5708955,179.3098039,187.2,152.1621891,181.0411765,10,41,12,1,285
20101013,2010-2011,19465,0.718550026,1648,1458.606965,1663.901961,1679,1490.728856,1686.54902,186.15,150.8039801,179.577451,187.75,152.3947761,181.3245098,10,41,13,2,286
20101014,2010-2011,19465,0.715960026,1650,1460.547264,1662.588235,1682,1492.470149,1685.019608,187.6,151.0559701,179.9882353,189.4,152.6470149,181.7509804,10,41,14,3,287
20101015,2010-2011,19215,0.71063,1651,1462.40796,1660.823529,1682,1494.052239,1683.490196,186.4,151.3049751,180.3147059,188.25,152.8962687,182.0921569,10,41,15,4,288
20101018,2010-2011,19356,0.716109991,1652,1464.189055,1659.098039,1680,1495.659204,1682.313725,185.6,151.5485075,180.6235294,187.5,153.1402985,182.4147059,10,42,18,0,291
20101019,2010-2011,19114,0.717570007,1715,1466.149254,1659.039216,1742,1497.455224,1682.156863,190.9,151.8218905,181.0843137,192.75,153.4146766,182.8862745,10,42,19,1,292
20101020,2010-2011,19460,0.72785002,1818,1468.651741,1660.882353,1840,1499.70398,1684.27451,196.75,152.0950249,181.6166667,198.35,153.6868159,183.4205882,10,42,20,2,293
20101021,2010-2011,19465,0.716170013,1872,1471.303483,1664.098039,1893,1502.156716,1687.392157,201,152.3935323,182.2313725,202.35,153.9828358,184.0294118,10,42,21,3,294
20101022,2010-2011,19470,0.718550026,1804,1473.572139,1665.980392,1826,1504.350746,1688.568627,198.85,152.6783582,182.7852941,200.25,154.2656716,184.5764706,10,42,22,4,295
20101025,2010-2011,19208,0.717149973,1835,1475.935323,1667.941176,1863,1506.674129,1690.431373,200.5,152.9699005,183.2745098,202.2,154.5564677,185.0598039,10,43,25,0,298
20101026,2010-2011,19460,0.716899991,1854,1478.462687,1670.352941,1879,1509.067164,1692.568627,201.75,153.2504975,183.7892157,203.55,154.8368159,185.5686275,10,43,26,1,299
20101027,2010-2011,19465,0.721800029,1910,1481.21393,1673.882353,1935,1511.748756,1695.490196,200.3,153.5320896,184.2127451,202.15,155.118408,185.9813725,10,43,27,2,300
20101028,2010-2011,19455,0.725790024,1882,1483.81592,1676.588235,1914,1514.430348,1698.647059,196.6,153.7982587,184.6264706,198.6,155.3853234,186.3794118,10,43,28,3,301
20101029,2010-2011,19211,0.725790024,1965,1486.840796,1681.54902,1970,1517.385572,1702.941176,203.45,154.0883085,185.1813725,205.35,155.6761194,186.9196078,10,43,29,4,302
20101101,2010-2011,19158,0.715560019,1912,1489.706468,1685.490196,1928,1520.146766,1705.627451,197.7,154.3537313,185.5813725,199.8,155.9435323,187.3107843,11,44,1,0,305
20101102,2010-2011,19440,0.718859971,1923,1492.651741,1688.862745,1939,1523.10199,1708.803922,199.4,154.6455224,185.9313725,201.55,156.2370647,187.6343137,11,44,2,1,306
20101103,2010-2011,19445,0.712450027,1924,1495.616915,1692.529412,1932,1526.11194,1714.529412,196.15,154.920398,186.2186275,198.45,156.5146766,187.9323529,11,44,3,2,307
20101104,2010-2011,19209,0.707849979,1994,1499.044776,1700.254902,2002,1529.30597,1722.588235,205.8,155.2517413,186.9823529,208.25,156.8492537,188.7127451,11,44,4,3,308
20101105,2010-2011,19182,0.702839971,1972,1502.427861,1708.352941,1986,1532.400498,1730.215686,205.15,155.5823383,187.7872549,207.65,157.1835821,189.5176471,11,44,5,4,309
20101108,2010-2011,19465,0.71043998,2036,1505.965174,1717.627451,2046,1535.878109,1738.235294,208.1,155.9231343,188.5352941,210.7,157.5283582,190.2686275,11,45,8,0,312
20101109,2010-2011,19470,0.721000016,2056,1509.58209,1726.627451,2060,1539.495025,1746.490196,217.05,156.3094527,189.3196078,219.75,157.9191542,191.0705882,11,45,9,1,313
20101110,2010-2011,19465,0.726109982,1970,1512.855721,1733.843137,1984,1542.748756,1753.215686,212.25,156.6776119,189.9607843,214.95,158.2915423,191.7284314,11,45,10,2,314
20101111,2010-2011,19470,0.725920022,1920,1515.950249,1739.784314,1931,1545.768657,1758.784314,206.65,157.0412935,190.5460784,209.5,158.6599502,192.3372549,11,45,11,3,315
20101112,2010-2011,19465,0.734160006,1885,1518.885572,1745.156863,1875,1548.355721,1763.372549,200.45,157.3771144,190.9372549,203.35,159.0007463,192.7490196,11,45,12,4,316
20101115,2010-2011,19199,0.730289996,1909,1521.940299,1751.137255,1902,1550.992537,1768.529412,204.45,157.7390547,191.3539216,207.25,159.3671642,193.1882353,11,46,15,0,319
20101116,2010-2011,19465,0.736660004,1850,1524.567164,1756.196078,1856,1553.475124,1773.215686,197.8,158.0636816,191.6039216,200.5,159.6957711,193.4539216,11,46,16,1,320
20101117,2010-2011,19201,0.741259992,1852,1527.119403,1761.235294,1858,1556.032338,1777.882353,199.45,158.3840796,191.7754902,202.85,160.0236318,193.6607843,11,46,17,2,321
20101118,2010-2011,19198,0.737789989,1890,1529.935323,1766.72549,1911,1558.922886,1783.294118,208.65,158.7604478,192.0803922,211.3,160.4039801,193.9892157,11,46,18,3,322
20101119,2010-2011,19460,0.73220998,1889,1532.81592,1772.901961,1910,1561.808458,1789.54902,209.85,159.15,192.4862745,211.25,160.7912935,194.3921569,11,46,19,4,323
20101122,2010-2011,19169,0.727569997,1827,1535.462687,1778.039216,1848,1564.380597,1794.745098,206.15,159.5348259,192.8372549,207.15,161.1716418,194.7323529,11,47,22,0,326
20101123,2010-2011,19450,0.735189974,1832,1538.129353,1783.333333,1853,1567.007463,1800.27451,210.35,159.9313433,193.2852941,210.55,161.5597015,195.1519608,11,47,23,1,327
20101124,2010-2011,19455,0.74703002,1813,1540.681592,1787.862745,1834,1569.50995,1805.039216,207.15,160.3131841,193.5490196,207.45,161.9338308,195.3901961,11,47,24,2,328
20101125,2010-2011,19460,0.748619974,1808,1543.233831,1791.54902,1829,1571.997512,1808.960784,204.65,160.4871891,193.6421569,205.075,162.1052239,195.4740196,11,47,25,3,329
20101126,2010-2011,19197,0.749639988,1800,1545.721393,1794.607843,1816,1574.475124,1812.156863,202.15,160.661194,193.7352941,202.7,162.2766169,195.5578431,11,47,26,4,330
20101129,2010-2011,19460,0.755400002,1763,1548.039801,1796.627451,1779,1576.778607,1814.313725,202.4,161.0104478,193.9715686,202.65,162.6199005,195.7705882,11,48,29,0,333
20101130,2010-2011,19460,0.763130009,1763,1550.412935,1798.941176,1789,1579.161692,1816.960784,200.95,161.3497512,194.2284314,201.2,162.9527363,196.0039216,11,48,30,1,334
20101201,2010-2011,19465,0.769699991,1800,1552.970149,1801.686275,1816,1581.699005,1819.843137,203.3,161.6972637,194.6745098,203.55,163.2935323,196.427451,12,48,1,2,335
20101202,2010-2011,19465,0.761910021,1867,1555.905473,1805.235294,1848,1584.410448,1822.823529,203.4,162.0512438,195.0764706,203.7,163.6370647,196.8068627,12,48,2,3,336
20101203,2010-2011,19460,0.756659985,1864,1558.850746,1807.941176,1864,1587.400498,1825.313725,204.5,162.4014925,195.5578431,204.8,163.9773632,197.2627451,12,48,3,4,337
20101206,2010-2011,19033,0.745379984,1860,1561.791045,1810.764706,1860,1590.365672,1827.921569,208.65,162.7691542,196.0872549,208.95,164.3350746,197.7696078,12,49,6,0,340
20101207,2010-2011,19460,0.752619982,1875,1565.0199,1813.705882,1877,1593.380597,1830.686275,207.6,163.1559701,196.6166667,207.9,164.7131841,198.2735294,12,49,7,1,341
20101208,2010-2011,19460,0.755020022,1881,1568.278607,1816.176471,1882,1596.4801,1832.960784,204.25,163.5236318,197.0480392,204.65,165.0733831,198.6813725,12,49,8,2,342
20101209,2010-2011,19460,0.754670024,1923,1571.711443,1820.039216,1904,1599.564677,1836.235294,204.3,163.8910448,197.3490196,204.55,165.4300995,198.9607843,12,49,9,3,343
20101210,2010-2011,19465,0.755169988,1921,1575.218905,1823.862745,1908,1602.619403,1839.882353,209.35,164.2972637,197.8117647,209.6,165.8271144,199.3990196,12,49,10,4,344
20101213,2010-2011,19460,0.757740021,1946,1578.741294,1828.196078,1934,1605.878109,1843.490196,217.2,164.7358209,198.4813725,217.55,166.2567164,200.0460784,12,50,13,0,347
20101214,2010-2011,19465,0.746519983,1914,1581.950249,1833.686275,1923,1609.057214,1848.627451,216.35,165.1676617,199.172549,216.7,166.6793532,200.7107843,12,50,14,1,348
20101215,2010-2011,19465,0.748449981,1922,1585.283582,1839.215686,1935,1612.470149,1853.901961,216.9,165.599005,200.0431373,217.5,167.1032338,201.5578431,12,50,15,2,349
20101216,2010-2011,19460,0.756200016,1936,1588.676617,1845.27451,1947,1616.027363,1859.588235,216.15,166.0291045,200.8107843,216.55,167.5233831,202.2990196,12,50,16,3,350
20101217,2010-2011,19465,0.755289972,1973,1592.472637,1852.176471,1986,1619.828358,1866.117647,225.25,166.5136816,201.7852941,225.3,167.9965174,203.2401961,12,50,17,4,351
20101220,2010-2011,19374,0.75959003,1976,1596.333333,1858.470588,1990,1623.534826,1872.058824,224.65,166.9945274,202.7892157,224.65,168.4654229,204.2078431,12,51,20,0,354
20101221,2010-2011,19460,0.762310028,1990,1600.313433,1865.588235,2010,1627.400498,1878.901961,233.85,167.5176617,203.8029412,235.25,168.9835821,205.2156863,12,51,21,1,355
20101222,2010-2011,19460,0.763939977,1988,1604.139303,1872.156863,2012,1631.256219,1885.27451,230.2,168.0149254,204.8137255,231.6,169.4753731,206.2205882,12,51,22,2,356
20101223,2010-2011,19460,0.762459993,1984,1608,1878.745098,2011,1635.156716,1891.784314,235.9,168.5393035,205.7980392,237.25,169.9952736,207.2019608,12,51,23,3,357
20101224,2010-2011,19465,0.761780024,1970,1611.81592,1885.019608,1997,1638.997512,1897.960784,236.675,168.8029851,206.3009804,238.025,170.256592,207.702451,12,51,24,4,358
20101227,2010-2011,19460,0.764540017,1978.333333,1613.129353,1887.267974,2010.5,1642.875622,1904.401961,237.45,169.0666667,206.8039216,238.8,170.5179104,208.2029412,12,52,27,0,361
20101228,2010-2011,19465,0.758170009,1986.666667,1614.442786,1889.51634,2017.3,1646.702985,1911.015686,239.3,169.6097015,207.8176471,240.65,171.0559701,209.2078431,12,52,28,1,362
20101229,2010-2011,19460,0.764159977,1995,1615.756219,1891.764706,2024,1650.469154,1916.545098,239.65,170.1619403,208.8617647,241,171.6029851,210.2421569,12,52,29,2,363
20101230,2010-2011,19465,0.756169975,2065,1620.054726,1899.862745,2084,1654.578607,1921.329412,236.3,170.6890547,209.8558824,237.7,172.1251244,211.2264706,12,52,30,3,364
20101231,2010-2011,19450,0.751810014,2082,1624.412935,1907.058824,2097,1658.678109,1925.329412,240.5,171.2328358,210.8284314,241.8,172.6634328,212.1882353,12,52,31,4,365
20110103,2010-2011,19365,0.748619974,2082,1628.686567,1912.235294,2097,1662.70796,1930.643137,237.725,171.4860697,211.2029412,239.175,172.9146766,212.5627451,1,1,3,0,3
20110104,2010-2011,19465,0.748679996,2072,1632.81592,1916.156863,2072,1666.613433,1934.741176,234.95,171.7393035,211.577451,236.55,173.1659204,212.9372549,1,1,4,1,4
20110105,2010-2011,19465,0.750689983,1995,1636.641791,1919.901961,2005,1669.91194,1937.211765,233,172.2502488,212.204902,234.55,173.6736318,213.5686275,1,1,5,2,5
20110106,2010-2011,19460,0.760060012,2026,1640.547264,1923.647059,2029,1673.344776,1939.054902,233,172.7477612,212.8745098,234.65,174.1708955,214.2431373,1,1,6,3,6
20110107,2010-2011,19460,0.770420015,2018,1644.343284,1926.862745,2023,1676.588557,1941.192157,230.7,173.2251244,213.4666667,232.25,174.64801,214.8323529,1,1,7,4,7
20110110,2010-2011,19232,0.775489986,2050,1648.298507,1929.607843,2055,1680.066169,1942.858824,231.25,173.7074627,214.045098,232.75,175.129602,215.404902,1,2,10,0,10
20110111,2010-2011,19460,0.771309972,2105,1652.253731,1933.980392,2110,1683.817413,1946.427451,234.7,174.1935323,214.7196078,236.1,175.6146766,216.0705882,1,2,11,1,11
20110112,2010-2011,19142,0.770179987,2162,1656.507463,1937.843137,2167,1687.68806,1950.898039,240.6,174.7146766,215.5823529,242.05,176.1353234,216.922549,1,2,12,2,12
20110113,2010-2011,19465,0.761709988,2135,1660.467662,1942.215686,2137,1691.369652,1954.917647,237.5,175.2089552,216.25,239.15,176.630597,217.5852941,1,2,13,3,13
20110114,2010-2011,19460,0.748880029,2121,1664.432836,1946.098039,2124,1695.071144,1957.309804,234.6,175.6848259,216.9735294,236.3,177.1069652,218.3009804,1,2,14,4,14
20110117,2010-2011,19246,0.747370005,2135,1668.467662,1950.235294,2140,1698.88209,1960.329412,234.975,175.931592,217.3259804,236.7,177.3538557,218.6495098,1,3,17,0,17
20110118,2010-2011,19465,0.752789974,2140,1672.368159,1953.098039,2147,1702.71791,1962.309804,235.35,176.1783582,217.6784314,237.1,177.6007463,218.9980392,1,3,18,1,18
20110119,2010-2011,19460,0.747489989,2110,1676.084577,1955.803922,2119,1706.354726,1963.466667,232.5,176.6514925,218.3911765,234.25,178.0743781,219.7,1,3,19,2,19
20110120,2010-2011,19465,0.74338001,2108,1679.880597,1957.215686,2115,1709.996517,1966.035294,231.8,177.1099502,218.9009804,233.65,178.5338308,220.1980392,1,3,20,3,20
20110121,2010-2011,19245,0.742500007,2140,1683.870647,1958.862745,2149,1713.792537,1970.309804,240.4,177.6134328,219.5921569,242.2,179.0380597,220.8754902,1,3,21,4,21
20110124,2010-2011,19112,0.734239995,2107,1687.686567,1961.54902,2123,1717.459204,1975.172549,237.3,178.1097015,220.1647059,239.1,179.5348259,221.4323529,1,4,24,0,24
20110125,2010-2011,19460,0.732919991,2084,1691.323383,1964.764706,2094,1721.001493,1978.937255,231.25,178.5900498,220.4431373,233.1,180.0156716,221.6941176,1,4,25,1,25
20110126,2010-2011,19465,0.730669975,2093,1695.039801,1968.843137,2096,1724.69801,1983.643137,237.5,179.1114428,220.9382353,239.3,180.5370647,222.1715686,1,4,26,2,26
20110127,2010-2011,19231,0.729390025,2061,1698.587065,1971.823529,2090,1728.449254,1988.192157,236.95,179.6258706,221.5323529,238.65,181.0512438,222.7431373,1,4,27,3,27
20110128,2010-2011,19208,0.728699982,2100,1702.328358,1976.72549,2129,1732.459204,1992.466667,245,180.1870647,222.4058824,246.8,181.6131841,223.595098,1,4,28,4,28
20110131,2010-2011,19369,0.736769974,2100,1706.084577,1981.588235,2185,1736.70796,1997.858824,244.8,180.749005,223.1970588,246.55,182.1756219,224.3656863,1,5,31,0,31
20110201,2010-2011,19465,0.729189992,2231,1710.646766,1988.27451,2258,1741.295025,2005.898039,249.4,181.3343284,224.2088235,251.25,182.7619403,225.3607843,2,5,1,1,32
20110202,2010-2011,19460,0.723070025,2225,1715.258706,1994.862745,2252,1745.89204,2013.721569,250.4,181.9378109,225.2078431,252.25,183.3661692,226.3294118,2,5,2,2,33
20110203,2010-2011,19465,0.723699987,2239,1720.00995,2002.941176,2268,1750.782587,2022.231373,251.35,182.5465174,226.045098,253.25,183.9756219,227.1519608,2,5,3,3,34
20110204,2010-2011,19460,0.733969986,2207,1724.562189,2010.294118,2237,1755.404478,2030.231373,249.3,183.1442786,226.8186275,251.25,184.5743781,227.9362745,2,5,4,4,35
20110207,2010-2011,19264,0.73664999,2215,1729.129353,2018.176471,2243,1759.986567,2038.603922,249.75,183.7415423,227.6735294,251.7,185.1736318,228.8098039,2,6,7,0,38
20110208,2010-2011,19136,0.735729992,2195,1733.636816,2025.764706,2225,1764.414428,2047.34902,247.6,184.3211443,228.4039216,249.6,185.7614428,229.5754902,2,6,8,1,39
20110209,2010-2011,19465,0.733839989,2221,1738.497512,2034.019608,2254,1768.879602,2056.466667,253.6,184.9271144,229.3147059,255.65,186.3768657,230.5205882,2,6,9,2,40
20110210,2010-2011,19460,0.728810012,2224,1743.263682,2043.058824,2259,1773.262687,2065.152941,255.6,185.5393035,230.3627451,257.85,186.9997512,231.6019608,2,6,10,3,41
20110211,2010-2011,19460,0.735189974,2216,1747.910448,2051.941176,2255,1777.665672,2073.133333,251.95,186.1420398,231.3343137,254.95,187.6171642,232.627451,2,6,11,4,42
20110214,2010-2011,20505,0.740190029,2239,1752.621891,2060.54902,2283,1782.297512,2081.34902,258.65,186.7629353,232.4656863,261.7,188.2529851,233.8137255,2,7,14,0,45
20110215,2010-2011,19460,0.741779983,2252,1757.154229,2068.098039,2295,1786.894527,2089.878431,258.05,187.3776119,233.5392157,261.1,188.8823383,234.9421569,2,7,15,1,46
20110216,2010-2011,19460,0.740819991,2241,1761.661692,2075.490196,2282,1791.357214,2097.819608,258.65,187.991791,234.622549,261.6,189.5106965,236.077451,2,7,16,2,47
20110217,2010-2011,19460,0.736630023,2257,1766.358209,2083.27451,2305,1795.869652,2106.113725,267.35,188.6333333,235.854902,268.85,190.1589552,237.3333333,2,7,17,3,48
20110218,2010-2011,19465,0.733889997,2288,1771.119403,2091.372549,2337,1800.491542,2114.603922,271.65,189.3012438,237.0901961,273,190.8330846,238.5892157,2,7,18,4,49
20110221,2010-2011,20404,0.729210019,2342,1776.119403,2100.411765,2387,1805.39204,2123.996078,272.625,189.6404229,237.7372549,273.675,191.174005,239.2406863,2,8,21,0,52
20110222,2010-2011,19460,0.730870008,2335,1781.014925,2108.490196,2382,1810.397015,2132.780392,273.6,189.979602,238.3843137,274.35,191.5149254,239.8921569,2,8,22,1,53
20110223,2010-2011,19460,0.731329978,2319,1785.746269,2116.294118,2368,1815.451741,2141.505882,268.75,190.6542289,239.6490196,269.45,192.1927861,241.1627451,2,8,23,2,54
20110224,2010-2011,19460,0.726530015,2285,1790.378109,2122.941176,2329,1820.227861,2149.231373,264.2,191.3069652,240.8235294,264.65,192.8432836,242.3411765,2,8,24,3,55
20110225,2010-2011,19460,0.723590016,2288,1795.154229,2130.27451,2339,1825.21791,2156.917647,267.7,191.9743781,241.9676471,267.8,193.508209,243.4823529,2,8,25,4,56
20110228,2010-2011,19460,0.728100002,2339,1800.288557,2138.45098,2384,1830.441791,2164.721569,271.7,192.6532338,243.0362745,271.7,194.1825871,244.5441176,2,9,28,0,59
20110301,2010-2011,19465,0.723510027,2337,1805.328358,2146.313725,2384,1835.665672,2172.447059,269.3,193.3124378,244.0745098,269.3,194.8415423,245.5754902,3,9,1,1,60
20110302,2010-2011,19465,0.726119995,2327,1810.482587,2153.254902,2363,1840.804975,2179.368627,269.5,193.971393,245.1058824,269.55,195.5004975,246.5960784,3,9,2,2,61
20110303,2010-2011,19465,0.721159995,2335,1815.686567,2160.294118,2382,1846.038806,2186.623529,274.5,194.6691542,246.25,274.75,196.1992537,247.7372549,3,9,3,3,62
20110304,2010-2011,19460,0.716390014,2349,1820.960199,2167.333333,2390,1851.292537,2194.054902,272.9,195.3574627,247.1843137,272.8,196.8970149,248.6686275,3,9,4,4,63
20110307,2010-2011,20526,0.714760005,2362,1826.333333,2174.666667,2403,1856.600995,2202.015686,280.95,196.0773632,248.2882353,281.15,197.6278607,249.7764706,3,10,7,0,66
20110308,2010-2011,19465,0.716130018,2420,1831.99005,2183.215686,2462,1862.193035,2210.868627,287.15,196.8467662,249.3333333,287.2,198.3910448,250.795098,3,10,8,1,67
20110309,2010-2011,19465,0.719529986,2481,1837.915423,2193.235294,2557,1868.023881,2221.45098,294.4,197.6564677,250.5921569,294.85,199.1965174,252.0352941,3,10,9,2,68
20110310,2010-2011,20860,0.719309986,2465,1843.706468,2202.45098,2508,1873.670647,2230.941176,280.3,198.3922886,251.4627451,280.55,199.9271144,252.8843137,3,10,10,3,69
20110311,2010-2011,20850,0.724569976,2380,1849.074627,2208.627451,2421,1878.839801,2237.54902,273.7,199.0960199,252.1735294,274.4,200.6273632,253.5823529,3,10,11,4,70
20110314,2010-2011,20455,0.717639983,2349,1854.049751,2213.862745,2390,1883.904478,2243.294118,273.15,199.7945274,252.8372549,273.3,201.3191542,254.222549,3,11,14,0,73
20110315,2010-2011,20850,0.71469003,2338,1859.024876,2218.882353,2375,1888.889552,2248.745098,262.45,200.4350746,253.2843137,262.95,201.9544776,254.6529412,3,11,15,1,74
20110316,2010-2011,20850,0.71499002,2440,1864.467662,2226.098039,2487,1894.421891,2256.882353,264.55,201.0808458,253.8382353,265.35,202.5965174,255.195098,3,11,16,2,75
20110317,2010-2011,20855,0.720210016,2525,1870.383085,2236.490196,2615,1900.431841,2268.843137,271.4,201.7631841,254.4441176,270.9,203.2686567,255.7656863,3,11,17,3,76
20110318,2010-2011,20850,0.712610006,2550,1876.412935,2246.764706,2596,1906.018905,2279.960784,276.8,202.4609453,255.2647059,276.2,203.9559701,256.5431373,3,11,18,4,77
20110321,2010-2011,20517,0.705690026,2575,1882.552239,2257.686275,2613,1911.436816,2291.529412,275.75,203.159204,256.1029412,277,204.6529851,257.3754902,3,12,21,0,80
20110322,2010-2011,20540,0.703379989,2536,1888.288557,2267.215686,2569,1916.466667,2301.607843,273.45,203.8450249,256.8960784,275.7,205.3427861,258.1803922,3,12,22,1,81
20110323,2010-2011,20855,0.70581001,2505,1893.422886,2275.058824,2538,1921.282587,2310,268.6,204.5159204,257.6392157,270.95,206.0176617,258.9392157,3,12,23,2,82
20110324,2010-2011,20865,0.708920002,2505,1898.124378,2281.784314,2569,1926.272637,2317.882353,265.8,205.1761194,258.3166667,268.25,206.6825871,259.6352941,3,12,24,3,83
20110325,2010-2011,20870,0.705619991,2540,1902.960199,2289.72549,2604,1931.511443,2327.039216,268.6,205.84801,258.9813725,271.05,207.3589552,260.3205882,3,12,25,4,84
20110328,2010-2011,20731,0.712960005,2505,1907.706468,2297.254902,2561,1936.436816,2335.607843,263.95,206.4922886,259.4392157,266.45,208.0077114,260.7990196,3,13,28,0,87
20110329,2010-2011,20614,0.710240006,2505,1912.393035,2304.509804,2510,1941.098507,2342.862745,261.45,207.1114428,259.9088235,264.05,208.6320896,261.2872549,3,13,29,1,88
20110330,2010-2011,20875,0.708660007,2525,1917.293532,2312.058824,2524,1945.849751,2350.254902,264.8,207.7077114,260.5009804,267.4,209.2355721,261.8970588,3,13,30,2,89
20110331,2010-2011,20870,0.708150029,2525,1922.179104,2320.196078,2528,1950.566169,2358.27451,264.15,208.2708955,261.0656863,266.75,209.8084577,262.4784314,3,13,31,3,90
20110401,2010-2011,20880,0.706279993,2421,1926.572139,2326.333333,2342,1954.01393,2362.72549,259.9,208.7711443,261.6029412,262.65,210.319403,263.0352941,4,13,1,4,91
20110404,2010-2011,20513,0.703069985,2339,1930.587065,2330.235294,2308,1957.083582,2365.843137,256.05,209.2552239,262.0784314,258.7,210.8124378,263.5264706,4,14,4,0,94
20110405,2010-2011,20585,0.703230023,2498,1935.298507,2337.901961,2398,1960.506468,2371.235294,268.25,209.8119403,262.6245098,270.95,211.3753731,264.0901961,4,14,5,1,95
20110406,2010-2011,20875,0.703279972,2472,1939.527363,2345.509804,2389,1963.929353,2377.019608,265.15,210.3338308,263.1705882,267.9,211.9017413,264.654902,4,14,6,2,96
20110407,2010-2011,20880,0.69757998,2496,1943.631841,2353.411765,2443,1967.471642,2383.823529,272.8,210.9002488,263.9852941,275.65,212.4731343,265.4892157,4,14,7,3,97
20110408,2010-2011,20875,0.699199975,2468,1947.552239,2361.392157,2447,1970.859701,2390.823529,274.95,211.4766169,264.7196078,277.85,213.0557214,266.245098,4,14,8,4,98
20110411,2010-2011,20513,0.691460013,2427,1951.333333,2367.803922,2426,1974.222886,2396.647059,274.6,212.0537313,265.4578431,277.6,213.6383085,267.0088235,4,15,11,0,101
20110412,2010-2011,20875,0.692619979,2431,1954.975124,2374.294118,2426,1977.785075,2401.372549,273.8,212.5863184,266.022549,276.9,214.1763682,267.5990196,4,15,12,1,102
20110413,2010-2011,20522,0.690779984,2496,1958.736318,2379.490196,2500,1982.01393,2406.117647,280.7,213.15199,266.7264706,283.7,214.7475124,268.327451,4,15,13,2,103
20110414,2010-2011,20900,0.692420006,2466,1962.402985,2384.215686,2469,1985.99403,2410.372549,282.4,213.729602,267.3735294,285.15,215.3298507,268.9921569,4,15,14,3,104
20110415,2010-2011,20911,0.692900002,2462,1966.253731,2388.588235,2468,1989.834826,2414.294118,288.1,214.3594527,268.1127451,291.1,215.9664179,269.7539216,4,15,15,4,105
20110418,2010-2011,20629,0.69382,2414,1970.179104,2392.647059,2425,1993.397015,2417.980392,284.45,214.9577114,268.7617647,287.4,216.5711443,270.4235294,4,16,18,0,108
20110419,2010-2011,20899,0.703040004,2428,1974.079602,2396.823529,2452,1997.113433,2422.078431,291.2,215.579602,269.5833333,294.25,217.19801,271.2666667,4,16,19,1,109
20110420,2010-2011,20901,0.697449982,2454,1977.975124,2401.901961,2482,2000.899502,2427.117647,294.4,216.2368159,270.4588235,299.45,217.870398,272.2029412,4,16,20,2,110
20110421,2010-2011,20900,0.688989997,2408,1981.587065,2405.568627,2435,2004.40199,2430.666667,291.3,216.9124378,271.3156863,294.55,218.5514925,273.0843137,4,16,21,3,111
20110422,2010-2011,20900,0.687049985,2429.666667,1982.902156,2407.196078,2457.333333,2005.644113,2432.254902,289.6,217.2289801,271.6519608,292.675,218.8692786,273.4289216,4,16,22,4,112
20110425,2010-2011,20912.5,0.686950028,2451.333333,1984.217247,2408.823529,2479.666667,2006.886235,2433.843137,287.9,217.5455224,271.9882353,290.8,219.1870647,273.7735294,4,17,25,0,115
20110426,2010-2011,20790,0.68592,2473,1985.532338,2410.45098,2502,2008.128358,2435.431373,294.95,218.2186567,272.7598039,296.3,219.8547264,274.527451,4,17,26,1,116
20110427,2010-2011,20680,0.680830002,2510,1989.58209,2416.215686,2536,2011.969154,2440.941176,295.55,218.8870647,273.6147059,296.4,220.5141791,275.3401961,4,17,27,2,117
20110428,2010-2011,20660,0.676590025,2531,1993.671642,2421.941176,2555,2016.073632,2446.27451,298.6,219.5708955,274.3980392,299.2,221.1890547,276.0754902,4,17,28,3,118
20110429,2010-2011,20550,0.673669994,2553.333333,1995.111111,2424.202614,2583,2020.546269,2451.921569,299.35,220.24801,275.2078431,299.85,221.8567164,276.8352941,4,17,29,4,119
20110502,2010-2011,20432,0.675949991,2575.666667,1996.55058,2426.464052,2597,2025.148259,2458.098039,304.55,220.9542289,276.1078431,305.1,222.5542289,277.6882353,5,18,2,0,122
20110503,2010-2011,20374,0.674589992,2598,1997.99005,2428.72549,2611,2029.725373,2464.098039,304.9,221.6512438,276.8441176,306.15,223.2460199,278.4196078,5,18,3,1,123
20110504,2010-2011,20480,0.674160004,2564,2002.084577,2435.058824,2577,2033.939303,2468.803922,293.75,222.2927861,277.277451,294.5,223.8800995,278.8411765,5,18,4,2,124
20110505,2010-2011,20388,0.674319983,2567,2006.298507,2441.137255,2582,2038.212935,2472.627451,287.5,222.9171642,277.55,288.25,224.4992537,279.1137255,5,18,5,3,125
20110506,2010-2011,20342,0.687550008,2590,2010.835821,2447.058824,2598,2042.685572,2476.862745,287.05,223.5669154,277.9088235,287.55,225.1410448,279.4686275,5,18,6,4,126
20110509,2010-2011,20402,0.696720004,2594,2015.532338,2452,2602,2047.068657,2481.45098,287.05,224.2124378,278.3568627,287.4,225.7845771,279.9147059,5,19,9,0,129
20110510,2010-2011,20540,0.695599973,2567,2020,2456.54902,2585,2051.237811,2486.470588,281.7,224.8094527,278.6313725,282.6,226.3830846,280.204902,5,19,10,1,130
20110511,2010-2011,20530,0.693910003,2500,2023.930348,2460.098039,2514,2054.740299,2489.901961,272.5,225.3393035,278.6470588,273.15,226.9126866,280.2333333,5,19,11,2,131
20110512,2010-2011,20550,0.703679979,2505,2027.920398,2464.411765,2511,2058.312438,2492.392157,273.95,225.8783582,278.7382353,274.95,227.45199,280.3441176,5,19,12,3,132
20110513,2010-2011,20293,0.70235002,2520,2032.044776,2468.960784,2527,2062.247761,2495.196078,269.3,226.4034826,278.7343137,269.4,227.9726368,280.3411765,5,19,13,4,133
20110516,2010-2011,20572,0.710330009,2463,2035.771144,2471.392157,2473,2065.795025,2497.352941,264,226.8840796,278.5284314,264.1,228.449005,280.1323529,5,20,16,0,136
20110517,2010-2011,20361,0.706309974,2480,2039.447761,2474.196078,2492,2069.436816,2499.509804,265.1,227.3420398,278.3754902,266.1,228.9084577,280.0009804,5,20,17,1,137
20110518,2010-2011,20431,0.700820029,2520,2043.323383,2477.980392,2531,2073.372139,2502.27451,268.45,227.8004975,278.1303922,270.05,229.3723881,279.7833333,5,20,18,2,138
20110519,2010-2011,20675,0.701499999,2533,2047.079602,2481.862745,2549,2077.347264,2505.137255,263.7,228.2542289,277.6705882,266.65,229.8368159,279.3803922,5,20,19,3,139
20110520,2010-2011,20655,0.698509991,2534,2051.144279,2485.490196,2543,2081.38209,2506.72549,259.15,228.7144279,276.9794118,262.1,230.3067164,278.7382353,5,20,20,4,140
20110523,2010-2011,20575,0.708930016,2527,2055.054726,2488.72549,2539,2085.387065,2506.372549,262.55,229.1761194,276.6313725,265.5,230.7776119,278.4431373,5,21,23,0,143
20110524,2010-2011,20650,0.712419987,2540,2059.034826,2491.078431,2558,2089.327363,2507.352941,261.2,229.630597,276.3862745,264.2,231.2410448,278.2431373,5,21,24,1,144
20110525,2010-2011,20351,0.70927,2571,2063.278607,2492.843137,2590,2093.416915,2510.666667,264.85,230.1154229,276.2235294,267.9,231.7345771,278.1372549,5,21,25,2,145
20110526,2010-2011,20550,0.709980011,2581,2067.542289,2495.117647,2600,2097.546269,2514.784314,265.6,230.5930348,276.2852941,268.7,232.2201493,278.25,5,21,26,3,146
20110527,2010-2011,20500,0.707459986,2575,2071.855721,2498.941176,2594,2101.566169,2519.078431,263.7,231.0609453,276.2686275,266.8,232.6952736,278.2784314,5,21,27,4,147
20110530,2010-2011,20207,0.699429989,2575,2074.012438,2501.156863,2598,2103.678109,2520.205882,264.15,231.2947761,276.2019608,267.275,232.9325871,278.247549,5,22,30,0,150
20110531,2010-2011,20278,0.698210001,2575,2076.169154,2503.372549,2602,2105.79005,2521.333333,264.6,231.528607,276.1352941,267.75,233.1699005,278.2166667,5,22,31,1,151
20110601,2010-2011,20270,0.693099976,2562,2080.283582,2507.764706,2595,2109.989055,2520.941176,255.95,231.928607,275.7264706,259.3,233.5766169,277.8852941,6,22,1,2,152
20110602,2010-2011,20500,0.697109997,2471,2083.965174,2508.372549,2505,2113.541294,2519.156863,261.25,232.3552239,275.4421569,264.8,234.0104478,277.6460784,6,22,2,3,153
20110603,2010-2011,20475,0.690320015,2489,2087.741294,2507.666667,2528,2117.277612,2517.490196,270.95,232.8141791,275.3931373,274.15,234.4733831,277.6156863,6,22,3,4,154
20110606,2010-2011,20123,0.682359993,2404,2091.024876,2504.803922,2449,2121.302488,2515.137255,260.5,233.2370647,275.2343137,263.8,234.8987562,277.4754902,6,23,6,0,157
20110607,2010-2011,20313,0.68572998,2433,2094.61194,2502.019608,2479,2125.720398,2513.980392,263,233.6741294,275.1794118,266.4,235.3395522,277.4392157,6,23,7,1,158
20110608,2010-2011,20500,0.680920005,2444,2098.258706,2500.215686,2491,2130.168159,2512.45098,263.85,234.1047264,275.0862745,266.5,235.7706468,277.35,6,23,8,2,159
20110609,2010-2011,20550,0.684840024,2461,2101.791045,2499.352941,2507,2134.496517,2510.54902,266.8,234.5288557,275.1421569,269.85,236.1925373,277.4166667,6,23,9,3,160
20110610,2010-2011,20500,0.688910007,2462,2105.39801,2498.509804,2509,2138.824876,2509.529412,264.95,234.9440299,275.2107843,268.35,236.6159204,277.5009804,6,23,10,4,161
20110613,2010-2011,20407,0.697709978,2423,2109.492537,2496.215686,2471,2142.954229,2508.764706,267.45,235.4445274,275.2627451,270.5,237.1236318,277.5617647,6,24,13,0,164
20110614,2010-2011,20500,0.69362998,2347,2113.412935,2493.117647,2391,2146.655721,2506.156863,269.25,235.9676617,275.3627451,272.3,237.6495025,277.6705882,6,24,14,1,165
20110615,2010-2011,20293,0.692040026,2387,2117.512438,2490.803922,2432,2150.591045,2504.27451,262.65,236.4288557,275.4166667,265.85,238.1144279,277.7333333,6,24,15,2,166
20110616,2010-2011,20283,0.705120027,2380,2121.40796,2487.960784,2422,2154.486567,2505.843137,257.9,236.8310945,275.4529412,261.15,238.5238806,277.7813725,6,24,16,3,167
20110617,2010-2011,20351,0.704270005,2302,2124.890547,2483.588235,2342,2158.093532,2506.509804,249.55,237.1793532,275.0862745,252.5,238.8776119,277.4196078,6,24,17,4,168
20110620,2010-2011,20412,0.700030029,2238,2127.9801,2480,2276,2161.357214,2504.117647,243.6,237.5116915,274.6637255,246.3,239.2151741,276.9960784,6,25,20,0,171
20110621,2010-2011,20600,0.698059976,2258,2131.199005,2478.411765,2296,2164.645771,2502.294118,243.5,237.8251244,274.0892157,246.95,239.5365672,276.4333333,6,25,21,1,172
20110622,2010-2011,20600,0.695330024,2214,2134.233831,2472.843137,2252,2167.934328,2498.54902,243.75,238.1263682,273.477451,246.2,239.841791,275.8127451,6,25,22,2,173
20110623,2010-2011,20560,0.698599994,2178,2137.149254,2467.078431,2216,2171.083582,2494.019608,247.7,238.4380597,272.95,248.7,240.149005,275.2460784,6,25,23,3,174
20110624,2010-2011,20555,0.70077002,2282,2140.567164,2462.882353,2319,2174.804975,2491.921569,249,238.7281095,272.4637255,250.5,240.4385572,274.7284314,6,25,24,4,175
20110627,2010-2011,20316,0.705649972,2341,2144.20398,2460.392157,2377,2178.715423,2490.960784,250.15,239.0119403,271.8647059,251.05,240.7196517,274.0882353,6,26,27,0,178
20110628,2010-2011,20520,0.69848001,2455,2148.587065,2460.941176,2490,2182.999005,2490.764706,257.9,239.3539801,271.3843137,258.9,241.0589552,273.5735294,6,26,28,1,179
20110629,2010-2011,20550,0.696479976,2439,2152.935323,2461.098039,2472,2187.073632,2490.823529,260.25,239.7121891,270.8382353,260.7,241.4116915,272.977451,6,26,29,2,180
20110630,2010-2011,20540,0.69066,2453,2157.368159,2460.254902,2498,2191.19801,2491.411765,265.35,240.0995025,270.4637255,265.6,241.7920398,272.55,6,26,30,3,181
20110701,2010-2011,20250,0.689800024,2427,2161.572139,2459.490196,2472,2195.267662,2492.333333,263.45,240.4465174,269.9196078,263.65,242.1320896,271.95,7,26,1,4,182
20110704,2010-2011,20280,0.687759995,2424,2165.572139,2458.745098,2466,2199.232836,2492.607843,266.2,240.6363184,269.670098,266.625,242.3197761,271.6573529,7,27,4,0,185
20110705,2010-2011,20326,0.687139988,2423,2169.447761,2458.921569,2465,2203.058706,2492.27451,268.95,240.8261194,269.4205882,269.6,242.5074627,271.3647059,7,27,5,1,186
20110706,2010-2011,20550,0.693090022,2424,2173.248756,2458.843137,2466,2206.685572,2492.882353,266.85,241.2067164,268.9411765,267.5,242.8840796,270.8343137,7,27,6,2,187
20110707,2010-2011,20540,0.697759986,2423,2177.119403,2458.235294,2463,2210.347264,2492.117647,267.75,241.6042289,268.5460784,268.6,243.278607,270.3990196,7,27,7,3,188
20110708,2010-2011,20530,0.696160018,2397,2180.78607,2458.019608,2437,2213.834826,2490.176471,263.15,242.0151741,267.922549,263.3,243.6833333,269.7519608,7,27,8,4,189
20110711,2010-2011,20339,0.704129994,2314,2183.910448,2454.901961,2354,2216.760199,2486.235294,257.9,242.3883085,267.1843137,259.05,244.0549751,269.0196078,7,28,11,0,192
20110712,2010-2011,20530,0.712220013,2241,2186.472637,2449.627451,2291,2219.516418,2480.509804,256.7,242.7701493,266.3627451,257.85,244.4345771,268.2088235,7,28,12,1,193
20110713,2010-2011,20540,0.715870023,2281,2189.283582,2444.72549,2331,2222.546269,2475.294118,262.8,243.1738806,265.6460784,263.95,244.8368159,267.504902,7,28,13,2,194
20110714,2010-2011,20545,0.702530026,2261,2191.950249,2438.117647,2306,2225.312438,2469.313725,257.35,243.5557214,264.7205882,258.35,245.2156716,266.5882353,7,28,14,3,195
20110715,2010-2011,20540,0.706350029,2231,2194.318408,2431.588235,2276,2228.372139,2463.411765,252.55,243.9054726,263.6941176,253.55,245.5624378,265.5568627,7,28,15,4,196
20110718,2010-2011,20279,0.708060026,2208,2196.716418,2424.54902,2250,2231.277612,2456.901961,248.2,244.2002488,262.8009804,248.2,245.8504975,264.6490196,7,29,18,0,199
20110719,2010-2011,20540,0.708620012,2120,2198.676617,2415.333333,2157,2233.765174,2448.254902,243.85,244.4893035,261.945098,243.85,246.1320896,263.7784314,7,29,19,1,200
20110720,2010-2011,20535,0.705569983,2073,2200.40796,2405.117647,2110,2236.038806,2438.607843,243.4,244.7895522,261.0892157,247.4,246.4447761,262.9911765,7,29,20,2,201
20110721,2010-2011,20525,0.70077002,1960,2202.029851,2393.215686,2002,2237.60597,2427.176471,240.8,245.0865672,260.1823529,244.9,246.7537313,262.1578431,7,29,21,3,202
20110722,2010-2011,20530,0.693480015,2029,2203.965174,2383.980392,2074,2239.660697,2418.54902,241.5,245.4298507,259.3941176,245.75,247.109204,261.4352941,7,29,22,4,203
20110725,2010-2011,20379,0.694999993,2105,2206.343284,2376.137255,2150,2241.964179,2411.470588,242.9,245.7577114,258.8137255,247.15,247.4495025,260.9254902,7,30,25,0,206
20110726,2010-2011,20525,0.695819974,2128,2208.865672,2368.45098,2173,2244.421891,2404.529412,244.95,246.1029851,258.245098,249.25,247.8074627,260.4215686,7,30,26,1,207
20110727,2010-2011,20530,0.68927002,2082,2210.99005,2360.980392,2127,2246.635821,2397.745098,241.2,246.4400498,257.6941176,245.55,248.1569652,259.9539216,7,30,27,2,208
20110728,2010-2011,20545,0.695749998,2039,2213.039801,2352.333333,2084,2248.635821,2389.745098,238.65,246.7211443,257.1970588,243,248.4512438,259.5401961,7,30,28,3,209
20110729,2010-2011,20540,0.697740018,2039,2214.960199,2342.901961,2092,2250.685572,2381.137255,239.55,247.0241294,256.6960784,243.6,248.7659204,259.0990196,7,30,29,4,210
20110801,2010-2011,20115,0.696200013,2102,2217.218905,2334.45098,2133,2252.630846,2372.980392,241.35,247.300995,256.1647059,245.3,249.0549751,258.6137255,8,31,1,0,213
20110802,2010-2011,20333,0.701160014,2120,2219.557214,2326.333333,2152,2254.183085,2365.313725,243.2,247.5848259,255.7627451,247.1,249.3502488,258.2303922,8,31,2,1,214
20110803,2010-2011,20249,0.705550015,2094,2221.761194,2317.843137,2126,2255.342289,2357.215686,241.9,247.8549751,255.4245098,245.5,249.6293532,257.904902,8,31,3,2,215
20110804,2010-2011,20284,0.696720004,2045,2223.716418,2308.137255,2076,2256.58607,2347.764706,235.85,248.100995,254.9009804,239.75,249.8855721,257.4,8,31,4,3,216
20110805,2010-2011,20464,0.710879982,2062,2225.442786,2298.156863,2095,2257.740299,2338.058824,238,248.3616915,254.4460784,241.9,250.1562189,256.9627451,8,31,5,4,217
20110808,2010-2011,20313,0.699590027,2050,2226.597015,2287.745098,2084,2258.760199,2327.941176,234.2,248.5771144,253.845098,237.95,250.3810945,256.3754902,8,32,8,0,220
20110809,2010-2011,20328,0.705680013,2098,2227.721393,2278.392157,2128,2259.720398,2318.803922,234.75,248.7661692,253.2401961,238.5,250.5808458,255.7833333,8,32,9,1,221
20110810,2010-2011,20533,0.695259988,2133,2229.358209,2269.72549,2159,2260.939303,2310.117647,234.85,248.9345771,252.6745098,238.35,250.7599502,255.2254902,8,32,10,2,222
20110811,2010-2011,20533,0.707979977,2190,2231.124378,2262.431373,2220,2262.183085,2302.764706,240.85,249.1435323,252.2088235,244.05,250.9778607,254.7607843,8,32,11,3,223
20110812,2010-2011,20556,0.70292002,2248,2233.084577,2258.058824,2280,2263.934328,2298.352941,240.35,249.341791,251.9029412,243.85,251.1850746,254.4578431,8,32,12,4,224
20110815,2010-2011,20530,0.700569987,2296,2235.004975,2254.27451,2329,2265.874627,2294.45098,245.7,249.5604478,251.5980392,249.4,251.4131841,254.1558824,8,33,15,0,227
20110816,2010-2011,20330,0.692600012,2314,2237.154229,2252.509804,2344,2267.924378,2292.392157,251.55,249.8154229,251.2176471,255,251.6761194,253.7803922,8,33,16,1,228
20110817,2010-2011,20481,0.694540024,2350,2239.069652,2250.882353,2380,2269.804975,2290.45098,263.2,250.1467662,251.2705882,266.8,252.0154229,253.8392157,8,33,17,2,229
20110818,2010-2011,20532,0.693040013,2275,2240.875622,2247.568627,2305,2271.39204,2286.803922,264.8,250.45199,251.3058824,268.4,252.3291045,253.8784314,8,33,18,3,230
20110819,2010-2011,20539,0.698109984,2270,2242.60199,2243.823529,2300,2272.655721,2282.745098,266.15,250.7925373,251.3509804,269.85,252.6776119,253.9441176,8,33,19,4,231
20110822,2010-2011,20398,0.695930004,2316,2244.552239,2240.960784,2345,2274.073632,2279.529412,264.7,251.1174129,251.3098039,268.35,253.0099502,253.9147059,8,34,22,0,234
20110823,2010-2011,20780,0.696330011,2377,2246.457711,2240.058824,2396,2276.123383,2278.058824,268.85,251.4791045,251.3862745,271.6,253.3738806,253.9784314,8,34,23,1,235
20110824,2010-2011,20785,0.692659974,2365,2248.412935,2240.411765,2374,2278.327363,2277.72549,272.5,251.8109453,251.4852941,273.75,253.6997512,254.0421569,8,34,24,2,236
20110825,2010-2011,20800,0.693849981,2345,2249.950249,2239.588235,2362,2280.750249,2276.352941,274.65,252.1567164,251.5911765,275.5,254.0373134,254.104902,8,34,25,3,237
20110826,2010-2011,20790,0.695749998,2340,2251.363184,2238.803922,2362,2283.038806,2275.176471,278.9,252.5089552,251.9098039,279.2,254.3781095,254.3666667,8,34,26,4,238
20110829,2010-2011,20519,0.689890027,2332.5,2252.246269,2239.029412,2357,2284.272637,2275.27451,284.95,252.8467662,252.4401961,284.45,254.7,254.8235294,8,35,29,0,241
20110830,2010-2011,20800,0.688499987,2325,2253.129353,2239.254902,2352,2285.506468,2275.372549,287.45,253.2208955,253.1833333,286.7,255.0569652,255.4941176,8,35,30,1,242
20110831,2010-2011,20795,0.692849994,2298,2255.00995,2240.431373,2333,2287.869652,2276.490196,289.1,253.6310945,254.0754902,288.25,255.4487562,256.3166667,8,35,31,2,243
20110901,2010-2011,20800,0.695670009,2295,2257.049751,2241.156863,2325,2289.929353,2277.058824,290.7,254.0800995,255.0009804,289.75,255.878607,257.1558824,9,35,1,3,244
20110902,2010-2011,20800,0.701160014,2241,2258.701493,2241.686275,2275,2291.745274,2277.509804,289.2,254.5017413,255.8921569,288.05,256.280597,257.9764706,9,35,2,4,245
20110905,2010-2011,20626,0.706330001,2154,2260.21393,2241.215686,2194,2293.466667,2277.078431,285.8,254.7121891,256.2323529,284.5,256.4807214,258.2926471,9,36,5,0,248
20110906,2010-2011,20555,0.711080015,2133,2261.61194,2238.294118,2172,2295.053731,2274.196078,282.4,254.9226368,256.572549,280.95,256.6808458,258.6088235,9,36,6,1,249
20110907,2010-2011,20810,0.714119971,2134,2262.825871,2234.235294,2173,2296.740299,2270.196078,285.8,255.3522388,257.2941176,284.5,257.0870647,259.2754902,9,36,7,2,250
20110908,2010-2011,20805,0.709940016,2189,2264.318408,2229.019608,2219,2298.680597,2264.882353,285.4,255.7340796,257.9852941,284.1,257.4492537,259.9235294,9,36,8,3,251
20110909,2010-2011,20800,0.719210029,2128,2265.81592,2222.921569,2171,2300.446766,2258.980392,271.25,256.0395522,258.2470588,270,257.7415423,260.1411765,9,36,9,4,252
20110912,2010-2011,20743,0.735249996,2147,2267.383085,2216.921569,2190,2302.491542,2252.941176,273.7,256.3756219,258.5107843,270.95,258.0589552,260.3421569,9,37,12,0,255
20110913,2010-2011,20800,0.732050002,2101,2268.81592,2210.529412,2144,2304.257711,2246.509804,272.85,256.6865672,258.6578431,270.3,258.3562189,260.4343137,9,37,13,1,256
20110914,2010-2011,20532,0.730669975,2050,2270.0199,2203.196078,2086,2305.600995,2239.058824,268.35,256.9910448,258.7539216,265.7,258.6460199,260.4745098,9,37,14,2,257
20110915,2010-2011,20800,0.727479994,2012,2271.074627,2195.137255,2048,2306.59602,2230.882353,263.35,257.2955224,258.6441176,260.55,258.9338308,260.2970588,9,37,15,3,258
20110916,2010-2011,20805,0.721029997,2073,2272.616915,2188.254902,2109,2307.814925,2223.882353,263,257.5970149,258.5686275,260.4,259.2211443,260.1578431,9,37,16,4,259
20110919,2010-2011,20800,0.729849994,2095,2274.268657,2181.823529,2131,2309.163184,2217.372549,262.8,257.9047264,258.4715686,262.05,259.5238806,260.0294118,9,38,19,0,262
20110920,2010-2011,20537,0.734990001,2104,2275.781095,2176.078431,2140,2310.471642,2211.54902,259.45,258.1840796,258.3990196,260.2,259.8057214,259.9686275,9,38,20,1,263
20110921,2010-2011,20790,0.730250001,2025,2276.567164,2170.411765,2061,2311.362189,2205.803922,251.95,258.4256219,258.2823529,255.05,260.061194,259.8901961,9,38,21,2,264
20110922,2010-2011,20800,0.73605001,1992,2277.20398,2165.529412,2026,2311.969154,2200.607843,239.25,258.5985075,257.9401961,242.3,260.2477612,259.5852941,9,38,22,3,265
20110923,2010-2011,20517,0.741789997,1917,2277.487562,2158.392157,1951,2312.183085,2193.156863,231.45,258.7119403,257.3254902,234.6,260.3753731,259.0098039,9,38,23,4,266
20110926,2010-2011,20512,0.738170028,1923,2277.726368,2151.764706,1954,2312.282587,2186.254902,235.95,258.8529851,256.9058824,239.1,260.530597,258.6323529,9,39,26,0,269
20110927,2010-2011,20815,0.739750028,1956,2278.099502,2146.372549,1986,2312.59602,2180.568627,240.85,259.0350746,256.6764706,243.95,260.7261194,258.4441176,9,39,27,1,270
20110928,2010-2011,20810,0.736249983,1955,2278.258706,2141.411765,1985,2312.844776,2175.372549,233.5,259.1803483,256.3882353,236.8,260.8865672,258.2205882,9,39,28,2,271
20110929,2010-2011,20810,0.738680005,1964,2278.472637,2138.352941,1994,2313.078607,2172.176471,231.15,259.288806,256.1392157,234.4,261.0099502,258.0352941,9,39,29,3,272
20110930,2010-2011,20541,0.736060023,1964,2278.562189,2136.215686,1979,2313.043781,2169.607843,228.9,259.3470149,255.854902,232.05,261.0820896,257.7343137,9,39,30,4,273
20111003,2011-2012,20815,0.748449981,1929,2278.636816,2135.607843,1962,2312.904478,2168.823529,223.45,259.3823383,255.5147059,226.7,261.1318408,257.377451,10,40,3,0,276
20111004,2011-2012,20805,0.757860005,2008,2279.064677,2135.196078,2035,2313.028856,2168.058824,226.55,259.4303483,255.2215686,229.55,261.191791,257.0598039,10,40,4,1,277
20111005,2011-2012,20266,0.750180006,1990,2279.333333,2132.941176,2018,2313.058706,2165.470588,227.7,259.4878109,254.9235294,230.8,261.2626866,256.7392157,10,40,5,2,278
20111006,2011-2012,20810,0.749629974,2025,2279.59204,2130.921569,2051,2313.257711,2163.078431,234.4,259.5333333,254.7166667,237.6,261.3238806,256.5107843,10,40,6,3,279
20111007,2011-2012,20815,0.74466002,1955,2279.487562,2128.431373,1983,2313.18806,2160.254902,224.35,259.5318408,254.3862745,227.7,261.3390547,256.1607843,10,40,7,4,280
20111010,2011-2012,20409,0.747049987,1952,2279.298507,2126.72549,1977,2313.021393,2158.156863,226.3,259.4942786,254.1441176,229.6,261.3109453,255.8980392,10,41,10,0,283
20111011,2011-2012,20566,0.73338002,1890,2278.810945,2123.803922,1913,2312.502488,2154.647059,223.4,259.4604478,253.827451,226.75,261.2868159,255.5676471,10,41,11,1,284
20111012,2011-2012,20514,0.732829988,1926,2278.522388,2120.352941,1950,2312.134328,2151.058824,229.45,259.4283582,253.5941176,232.75,261.2644279,255.3215686,10,41,12,2,285
20111013,2011-2012,20810,0.725059986,1983,2278.587065,2117.666667,2004,2311.736318,2148.156863,237.65,259.4293532,253.4852941,240.85,261.2746269,255.1990196,10,41,13,3,286
20111014,2011-2012,20805,0.72803998,2008,2278.651741,2115.980392,2031,2311.40796,2146.294118,239.55,259.430597,253.4392157,242.75,261.2850746,255.145098,10,41,14,4,287
20111017,2011-2012,20504,0.720510006,1935,2278.004975,2113.823529,1962,2310.736318,2144.058824,234,259.4024876,253.4029412,237.2,261.2661692,255.095098,10,42,17,0,290
20111018,2011-2012,20885,0.727590024,1886,2277.029851,2110.372549,1913,2309.945274,2140.490196,231.5,259.378607,253.2754902,234.65,261.250995,254.9529412,10,42,18,1,291
20111019,2011-2012,20880,0.727800012,1872,2275.985075,2106.882353,1899,2309.41791,2136.862745,236.15,259.3569652,253.3137255,239.1,261.2375622,254.9754902,10,42,19,2,292
20111020,2011-2012,20920,0.726480007,1814,2274.701493,2101.313725,1848,2308.517413,2131.372549,231.65,259.3405473,253.2529412,234.65,261.2281095,254.9,10,42,20,3,293
20111021,2011-2012,20682,0.725740016,1868,2274.069652,2096.117647,1906,2307.935323,2126.411765,244.85,259.3995025,253.4490196,247.55,261.2927861,255.0803922,10,42,21,4,294
20111024,2011-2012,20483,0.722140014,1890,2273.393035,2090.235294,1931,2307.318408,2120.745098,250.8,259.4880597,253.6441176,253.6,261.3870647,255.2676471,10,43,24,0,297
20111025,2011-2012,20925,0.718270004,1831,2272.462687,2082.058824,1873,2306.139303,2112.764706,236.55,259.5171642,253.5696078,239.9,261.4251244,255.1901961,10,43,25,1,298
20111026,2011-2012,20940,0.719190001,1833,2271.383085,2072.980392,1869,2304.656716,2103.745098,233.7,259.5293532,253.3343137,236.9,261.4457711,254.945098,10,43,26,2,299
20111027,2011-2012,20651,0.720619977,1864,2270.18408,2064.156863,1903,2303.492537,2095.098039,234.6,259.5288557,253.0019608,237.75,261.4539801,254.6068627,10,43,27,3,300
20111028,2011-2012,20965,0.705519974,1857,2268.666667,2054.490196,1899,2302.373134,2085.666667,235.15,259.5017413,252.4519608,238.55,261.4365672,254.0529412,10,43,28,4,301
20111031,2011-2012,20635,0.707210004,1779,2266.895522,2044.764706,1822,2300.791045,2076.196078,226.95,259.4492537,251.7098039,230.4,261.3930348,253.3078431,10,44,31,0,304
20111101,2011-2012,20729,0.721499979,1835,2265.472637,2036.235294,1878,2299.452736,2067.921569,223.65,259.3947761,250.8764706,227.3,261.3482587,252.4735294,11,44,1,1,305
20111102,2011-2012,20731,0.732280016,1819,2263.900498,2026.490196,1862,2298.174129,2058.45098,224,259.3383085,250.0784314,227.75,261.3017413,251.677451,11,44,2,2,306
20111103,2011-2012,20720,0.730459988,1795,2262.18408,2015.078431,1841,2296.810945,2047.568627,226.8,259.3099502,249.2539216,230.6,261.2835821,250.8735294,11,44,3,3,307
20111104,2011-2012,20697,0.723070025,1763,2260.457711,2003.27451,1806,2295.104478,2036.431373,230.2,259.30199,248.4245098,233.8,261.2843284,250.0901961,11,44,4,4,308
20111107,2011-2012,20843,0.725199997,1793,2258.890547,1992.45098,1836,2293.676617,2026.117647,233,259.2651741,247.6078431,236.4,261.2554726,249.3235294,11,45,7,0,311
20111108,2011-2012,20990,0.726740003,1799,2257.19403,1981.843137,1844,2292.432836,2015.960784,229.6,259.2268657,246.6411765,232.85,261.2243781,248.4147059,11,45,8,1,312
20111109,2011-2012,20990,0.723249972,1791,2255.621891,1971.372549,1836,2291.139303,2005.843137,230.2,259.2216418,245.5676471,233.45,261.2261194,247.4147059,11,45,9,2,313
20111110,2011-2012,20730,0.739279985,1780,2254.109453,1961.215686,1837,2289.880597,1996.117647,230,259.1843284,244.4411765,233.4,261.1967662,246.3696078,11,45,10,3,314
20111111,2011-2012,20985,0.734749973,1802,2252.661692,1951.54902,1850,2288.492537,1986.803922,233.95,259.169403,243.3598039,237.3,261.1900498,245.3705882,11,45,11,4,315
20111114,2011-2012,20543,0.725319982,1842,2251.572139,1943.72549,1890,2287.024876,1979.254902,230.95,259.0995025,242.1882353,234.15,261.1271144,244.2803922,11,46,14,0,318
20111115,2011-2012,20723,0.733990014,1844,2250.298507,1937.647059,1892,2285.20398,1973.333333,239.5,259.0731343,241.2137255,242.7,261.1079602,243.3911765,11,46,15,1,319
20111116,2011-2012,20707,0.740350008,1822,2248.915423,1931.54902,1870,2283.303483,1967.411765,235.75,259.0052239,240.2990196,239.05,261.0472637,242.5696078,11,46,16,2,320
20111117,2011-2012,20702,0.743990004,1814,2246.840796,1925.27451,1853,2281.238806,1961.137255,232.15,258.9144279,239.2470588,236.1,260.9669154,241.6205882,11,46,17,3,321
20111118,2011-2012,20745,0.743049979,1839,2244.920398,1918.411765,1880,2279.462687,1954.490196,234.2,258.8291045,238.2431373,238.85,260.8952736,240.7333333,11,46,18,4,322
20111121,2011-2012,20828,0.739099979,1830,2242.885572,1912.568627,1871,2277.61194,1948.607843,232.2,258.7440299,237.477451,237,260.8243781,240.0862745,11,47,21,0,325
20111122,2011-2012,20716,0.741599977,1837,2241.044776,1906.490196,1878,2275.885572,1942.490196,232.9,258.660199,236.677451,236.9,260.7507463,239.4186275,11,47,22,1,326
20111123,2011-2012,20726,0.739539981,1884,2239.39801,1902.235294,1885,2274.049751,1937.411765,231.6,258.580597,235.8686275,235.4,260.6800995,238.7343137,11,47,23,2,327
20111124,2011-2012,20709,0.748950005,1885,2237.855721,1899,1886,2272.19403,1933.490196,230.6,258.5208955,235.4887255,233.975,260.6226368,238.4093137,11,47,24,3,328
20111125,2011-2012,20720,0.750129998,1890,2236.208955,1896.607843,1891,2270.383085,1930.411765,229.6,258.461194,235.1088235,232.55,260.5651741,238.0843137,11,47,25,4,329
20111128,2011-2012,20711,0.751119971,1913,2234.661692,1893.470588,1915,2268.552239,1926.607843,224.7,258.3074627,234.3509804,227.8,260.4156716,237.4421569,11,48,28,0,332
20111129,2011-2012,20801,0.750919998,1944,2233.308458,1890.509804,1950,2266.835821,1923.058824,225.25,258.1746269,233.6107843,227.55,260.2793532,236.7980392,11,48,29,1,333
20111130,2011-2012,20769,0.750519991,1944,2231.840796,1887.372549,1961,2265.238806,1919.54902,233.8,258.050995,233.0421569,236.9,260.1559701,236.304902,11,48,30,2,334
20111201,2011-2012,20985,0.743830025,1993,2230.552239,1886.745098,2027,2263.855721,1918.882353,233.2,257.9273632,232.527451,235.7,260.029602,235.8245098,12,48,1,3,335
20111202,2011-2012,20739,0.742560029,1955,2229.129353,1886.019608,1989,2262.124378,1918.156863,227.15,257.7706468,232.0411765,229.55,259.8701493,235.3245098,12,48,2,4,336
20111205,2011-2012,20887,0.745209992,2006,2227.880597,1887.764706,2040,2260.39801,1919.901961,233.95,257.6044776,231.9372549,236.4,259.7087065,235.2088235,12,49,5,0,339
20111206,2011-2012,20980,0.747009993,2010,2226.497512,1889.470588,2044,2258.716418,1921.666667,232.85,257.4114428,231.9647059,235.75,259.5233831,235.2313725,12,49,6,1,340
20111207,2011-2012,20975,0.745599985,1953,2224.562189,1889.411765,1990,2256.835821,1921.745098,226.75,257.1783582,231.7843137,229.85,259.30199,235.05,12,49,7,2,341
20111208,2011-2012,20975,0.746060014,1910,2222.447761,1888.529412,1947,2254.935323,1921,225.7,256.9641791,231.4872549,228.65,259.099005,234.75,12,49,8,3,342
20111209,2011-2012,20970,0.749319971,1926,2220.492537,1887.784314,1962,2253.059701,1920.372549,224.65,256.7674129,231.3137255,227.75,258.9154229,234.572549,12,49,9,4,343
20111212,2011-2012,20764,0.747850001,1885,2218.502488,1886.235294,1923,2250.766169,1919.27451,218.5,256.5226368,231.0656863,221.05,258.6828358,234.3107843,12,50,12,0,346
20111213,2011-2012,20827,0.759239972,1900,2216.572139,1885.666667,1939,2248.552239,1918.823529,218.65,256.2587065,230.8647059,222.95,258.4402985,234.1323529,12,50,13,1,347
20111214,2011-2012,20920,0.768100023,1871,2214.243781,1882.980392,1912,2246.308458,1916.411765,215.1,255.9890547,230.7009804,218,258.1850746,233.9617647,12,50,14,2,348
20111215,2011-2012,20980,0.769940019,1861,2211.875622,1880.45098,1902,2243.920398,1914.137255,213.75,255.7116915,230.45,217.75,257.9273632,233.7303922,12,50,15,3,349
20111216,2011-2012,20985,0.767480016,1853,2209.517413,1877.078431,1897,2241.467662,1911.117647,210.95,255.3955224,230.1215686,215.1,257.630597,233.422549,12,50,16,4,350
20111219,2011-2012,20719,0.767050028,1834,2207.024876,1874.705882,1878,2238.855721,1909.058824,215.3,255.1089552,229.7470588,219.45,257.3651741,233.0666667,12,51,19,0,353
20111220,2011-2012,20990,0.768769979,1847,2204.527363,1872.647059,1887,2235.995025,1907.294118,222.8,254.8196517,229.7166667,225.5,257.0883085,233.0235294,12,51,20,1,354
20111221,2011-2012,21000,0.76406002,1823,2201.845771,1871.333333,1868,2232.567164,1906.411765,219.9,254.4850746,229.5911765,222.7,256.7674129,232.8882353,12,51,21,2,355
20111222,2011-2012,20710,0.766870022,1807,2198.79602,1869,1858,2229.333333,1904.607843,221.4,254.1218905,229.5519608,224.15,256.4156716,232.8372549,12,51,22,3,356
20111223,2011-2012,20990,0.765929997,1783,2195.323383,1865.078431,1831,2226.39801,1901.215686,219.65,253.8201493,229.3598039,222.4,256.1263682,232.6343137,12,51,23,4,357
20111226,2011-2012,20747,0.766579986,1781,2194.182421,1863.568627,1826.666667,2225.44942,1899.823529,221.25,253.6936567,229.2147059,224,256.0049751,232.4848039,12,52,26,0,360
20111227,2011-2012,21033,0.766250014,1779,2193.041459,1862.058824,1822.333333,2224.500829,1898.431373,222.85,253.5671642,229.0696078,225.6,255.8835821,232.3352941,12,52,27,1,361
20111228,2011-2012,21000,0.764989972,1777,2191.900498,1860.54902,1818,2223.552239,1897.039216,226.75,253.3363184,228.8186275,229.5,255.6656716,232.0754902,12,52,28,2,362
20111229,2011-2012,21000,0.773559988,1767,2188.850746,1857.254902,1807,2220.726368,1894,224.25,253.1462687,228.627451,227.05,255.4870647,231.8764706,12,52,29,3,363
20111230,2011-2012,21000,0.771839976,1766,2185.950249,1854.901961,1810,2217.358209,1891.980392,226.85,252.9587065,228.5362745,229.65,255.3094527,231.7784314,12,52,30,4,364
20120102,2011-2012,20690,0.771600008,1783,2184.61194,1854.196078,1815,2215.380597,1891.205882,227.025,252.8487562,228.4485294,229.825,255.2077114,231.6892157,1,1,2,0,2
20120103,2011-2012,20728,0.772740006,1800,2183.273632,1853.490196,1820,2213.402985,1890.431373,227.2,252.738806,228.3607843,230,255.1059701,231.6,1,1,3,1,3
20120104,2011-2012,20726,0.765929997,1796,2180.069652,1853.137255,1811,2209.497512,1889.705882,226.7,252.4895522,228.2637255,229.45,254.8733831,231.4980392,1,1,4,2,4
20120105,2011-2012,20718,0.773310006,1758,2176.253731,1850.980392,1774,2205.323383,1887.117647,219.55,252.2099502,227.7676471,222.3,254.6012438,231.0029412,1,1,5,3,5
20120106,2011-2012,21000,0.781490028,1704,2172.044776,1847.333333,1720,2201.099502,1882.980392,221.75,251.9527363,227.1980392,224.55,254.3467662,230.4333333,1,1,6,4,6
20120109,2011-2012,20843,0.788619995,1741,2167.895522,1845.568627,1763,2197.243781,1880.823529,221.85,251.7201493,226.9098039,224.65,254.1164179,230.1343137,1,2,9,0,9
20120110,2011-2012,21005,0.782720029,1781,2164.139303,1844.54902,1805,2193.442786,1879.568627,225.95,251.5218905,226.7578431,228.8,253.9201493,229.9754902,1,2,10,1,10
20120111,2011-2012,21000,0.784200013,1816,2160.711443,1843.607843,1838,2189.631841,1878.294118,234.9,251.3542289,226.7637255,237.55,253.7534826,229.9715686,1,2,11,2,11
20120112,2011-2012,21005,0.785920024,1865,2157.527363,1843.764706,1885,2186.268657,1878.019608,233.9,251.2047264,226.7392157,236.65,253.6052239,229.9343137,1,2,12,3,12
20120113,2011-2012,21010,0.779999971,1817,2153.930348,1844.509804,1832,2182.895522,1878.215686,225.25,251.0246269,226.7058824,228.1,253.4263682,229.8892157,1,2,13,4,13
20120116,2011-2012,20888,0.790700018,1839,2150.616915,1844.588235,1854,2179.562189,1877.745098,225.2,250.925995,226.7205882,228.1,253.328607,229.8970588,1,3,16,0,16
20120117,2011-2012,20699,0.78944999,1830,2147.258706,1844.803922,1845,2176.164179,1877.411765,225.15,250.8273632,226.7352941,228.1,253.2308458,229.904902,1,3,17,1,17
20120118,2011-2012,21005,0.784560025,1834,2143.820896,1845.568627,1849,2173.711443,1877.568627,224.85,250.6318408,226.7519608,227.85,253.0373134,229.9068627,1,3,18,2,18
20120119,2011-2012,21010,0.777239978,1863,2140.527363,1847.529412,1878,2171.572139,1878.980392,226.65,250.4664179,226.7490196,229.7,252.8733831,229.8892157,1,3,19,3,19
20120120,2011-2012,20493,0.771309972,1917,2138.0199,1849.960784,1932,2169.253731,1880.862745,225.4,250.3139303,226.654902,228.5,252.7231343,229.7852941,1,3,20,4,20
20120123,2011-2012,20492,0.776109993,1876,2135.716418,1851.470588,1889,2166.766169,1881.745098,219.45,250.0711443,226.3892157,222.55,252.4823383,229.5137255,1,4,23,0,23
20120124,2011-2012,21015,0.767639995,1876,2132.621891,1853.137255,1888,2164.004975,1882.764706,220.45,249.8487562,226.2098039,223.5,252.2614428,229.3303922,1,4,24,1,24
